ticker,sector,price,dcf_value,relative_value,fair_value,margin_of_safety,undervalued,valuation_signals_agree,revenue_not_declining,profitable,fcf_positive,debt_reasonable,analyst_consensus_agrees,quality_checks_passed,quality_checks_applicable,high_confidence_pick,market_cap,last_updated
CHTR,Communication Services,117.55,,1308.88,1308.88,0.9102,True,True,True,True,True,False,True,4,5,False,15276516352,2026-09-25T00:03:17.121013+00:00
FIS,Technology,34.99,,154.97,154.97,0.7742,True,True,True,True,True,True,True,5,5,True,18085601280,2026-09-25T00:03:17.121013+00:00
APTV,Consumer Cyclical,43.58,234.72,105.55,183.05,0.7619,True,True,True,True,True,True,True,5,5,True,9222422528,2026-09-25T00:03:17.121013+00:00
CMCSA,Communication Services,22.13,,88.48,88.48,0.7499,True,True,True,True,True,True,True,5,5,True,78531330048,2026-09-25T00:03:17.121013+00:00
NWS,Communication Services,31.56,160.17,60.81,120.43,0.7379,True,True,True,True,True,True,,4,4,True,16909993984,2026-09-25T00:03:17.121013+00:00
FISV,,45.98,169.18,,169.18,0.7282,True,True,True,True,True,,True,4,4,False,24450633728,2026-09-25T00:03:17.121013+00:00
EIX,Utilities,52.54,,185.52,185.52,0.7168,True,True,True,True,False,False,True,3,5,False,20218126336,2026-09-25T00:03:17.121013+00:00
GDDY,Technology,100.81,452.99,209.3,355.52,0.7164,True,True,True,True,True,False,True,4,5,False,12767354880,2026-09-25T00:03:17.121013+00:00
ADM,Consumer Defensive,81.88,410.35,70.49,274.4,0.7016,True,False,False,True,True,True,False,3,5,False,39462596608,2026-09-25T00:03:17.121013+00:00
ALL,Financial Services,227.17,,752.72,752.72,0.6982,True,True,True,True,True,True,True,5,5,True,57441738752,2026-09-25T00:03:17.121013+00:00
UHS,Healthcare,176.99,534.24,650.56,580.77,0.6952,True,True,True,True,True,True,True,5,5,True,10431174656,2026-09-25T00:03:17.121013+00:00
GEN,Technology,23.07,83.12,62.24,74.77,0.6914,True,True,True,True,True,False,True,4,5,False,13809401856,2026-09-25T00:03:17.121013+00:00
CAH,Healthcare,222.62,1006.41,216.38,690.4,0.6775,True,False,True,True,True,,True,4,4,False,51549741056,2026-09-25T00:03:17.121013+00:00
INTU,Technology,277.13,1065.46,524.93,849.24,0.6737,True,True,True,True,True,True,True,5,5,True,74059112448,2026-09-25T00:03:17.121013+00:00
CF,Basic Materials,118.44,,354.81,354.81,0.6662,True,True,False,True,True,True,True,4,5,False,17924489216,2026-09-25T00:03:17.121013+00:00
LULU,Consumer Cyclical,101.64,326.23,257.15,298.6,0.6596,True,True,True,True,True,True,True,5,5,True,11252567040,2026-09-25T00:03:17.121013+00:00
ZTS,Healthcare,70.27,235.15,142.95,198.27,0.6456,True,True,True,True,True,False,True,4,5,False,29037221888,2026-09-25T00:03:17.121013+00:00
LDOS,Technology,123.35,,342.83,342.83,0.6402,True,True,True,True,True,True,True,5,5,True,15515636736,2026-09-25T00:03:17.121013+00:00
AES,Utilities,14.85,,40.41,40.41,0.6325,True,True,False,True,False,False,True,2,5,False,10590392320,2026-09-25T00:03:17.121013+00:00
FOX,Communication Services,57.2,,155.38,155.38,0.6319,True,True,True,True,True,True,,4,4,True,24119732224,2026-09-25T00:03:17.121013+00:00
CNC,Healthcare,61.92,169.82,155.13,163.94,0.6223,True,True,True,False,True,True,True,4,5,False,30588170240,2026-09-25T00:03:17.121013+00:00
T,Communication Services,25.45,,67.27,67.27,0.6217,True,True,True,True,True,True,True,5,5,True,174393229312,2026-09-25T00:03:17.121013+00:00
UAL,Industrials,111.19,281.16,303.2,289.97,0.6166,True,True,True,True,True,False,True,4,5,False,36088909824,2026-09-25T00:03:17.121013+00:00
VICI,Real Estate,23.27,,60.44,60.44,0.615,True,True,True,True,True,True,True,5,5,True,25622073344,2026-09-25T00:03:17.121013+00:00
FOXA,Communication Services,63.84,151.81,166.0,157.49,0.5946,True,True,True,True,True,True,True,5,5,True,26919645184,2026-09-25T00:03:17.121013+00:00
MKC,Consumer Defensive,47.82,133.19,93.47,117.3,0.5923,True,True,True,True,True,True,True,5,5,True,12856480768,2026-09-25T00:03:17.121013+00:00
APA,Energy,43.68,,107.05,107.05,0.592,True,True,False,True,True,True,True,4,5,False,15303354368,2026-09-25T00:03:17.121013+00:00
DECK,Consumer Cyclical,78.68,231.66,134.27,192.71,0.5917,True,True,True,True,True,True,True,5,5,True,10714788864,2026-09-25T00:03:17.121013+00:00
TKO,Communication Services,185.06,652.74,153.71,453.13,0.5916,True,False,True,True,True,True,True,5,5,False,35026251776,2026-09-25T00:03:17.121013+00:00
PNR,Industrials,53.03,148.13,101.69,129.55,0.5907,True,True,True,True,True,True,True,5,5,True,8569941504,2026-09-25T00:03:17.121013+00:00
EXE,Energy,88.62,,215.73,215.73,0.5892,True,True,True,True,True,True,True,5,5,True,21200461824,2026-09-25T00:03:17.121013+00:00
NCLH,Consumer Cyclical,14.19,,34.38,34.38,0.5872,True,True,True,True,False,False,True,3,5,False,6515875328,2026-09-25T00:03:17.121013+00:00
ROP,Technology,364.02,1005.64,666.32,869.91,0.5815,True,True,True,True,True,True,True,5,5,True,36001894400,2026-09-25T00:03:17.121013+00:00
PCG,Utilities,12.32,,29.31,29.31,0.5796,True,True,True,True,False,True,True,4,5,False,36989161472,2026-09-25T00:03:17.121013+00:00
HCA,Healthcare,423.48,1137.55,791.06,998.95,0.5761,True,True,True,True,True,,True,4,4,True,93944725504,2026-09-25T00:03:17.121013+00:00
NEM,Basic Materials,121.3,326.78,219.6,283.91,0.5728,True,True,True,True,True,True,True,5,5,True,127812878336,2026-09-25T00:03:17.121013+00:00
CI,Healthcare,265.5,,620.84,620.84,0.5724,True,True,True,True,True,True,True,5,5,True,70155845632,2026-09-25T00:03:17.121013+00:00
EQT,Energy,51.87,146.3,81.36,120.32,0.5689,True,True,False,True,True,True,True,4,5,False,32445515776,2026-09-25T00:03:17.121013+00:00
SMCI,Technology,41.51,,95.88,95.88,0.5671,True,True,True,True,False,True,True,4,5,False,26851698688,2026-09-25T00:03:17.121013+00:00
FDX,Industrials,279.54,645.64,611.05,631.81,0.5576,True,True,True,True,True,True,True,5,5,True,66158854144,2026-09-25T00:03:17.121013+00:00
ARE,Real Estate,50.48,,113.9,113.9,0.5568,True,True,True,False,,True,True,3,4,False,8687369216,2026-09-25T00:03:17.121013+00:00
CTSH,Technology,57.17,106.06,161.12,128.08,0.5537,True,True,True,True,True,True,True,5,5,True,27041409024,2026-09-25T00:03:17.121013+00:00
NWSA,Communication Services,28.44,80.27,35.74,62.46,0.5447,True,True,True,True,True,True,True,5,5,True,15238284288,2026-09-25T00:03:17.121013+00:00
VZ,Communication Services,47.32,,103.26,103.26,0.5418,True,True,True,True,True,True,True,5,5,True,196603969536,2026-09-25T00:03:17.121013+00:00
IP,Consumer Cyclical,34.88,,75.45,75.45,0.5377,True,True,True,False,False,True,True,3,5,False,18471397376,2026-09-25T00:03:17.121013+00:00
AOS,Industrials,57.7,134.08,106.63,123.1,0.5313,True,True,True,True,True,True,True,5,5,True,7841925120,2026-09-25T00:03:17.121013+00:00
DVA,Healthcare,174.67,,372.52,372.52,0.5311,True,True,True,True,True,False,True,4,5,False,11211193344,2026-09-25T00:03:17.121013+00:00
IT,Technology,179.32,366.47,388.32,375.21,0.5221,True,True,True,True,True,,True,4,4,True,11323875328,2026-09-25T00:03:17.121013+00:00
MOS,Basic Materials,23.69,,49.12,49.12,0.5177,True,True,False,True,False,True,True,3,5,False,7530948096,2026-09-25T00:03:17.121013+00:00
HON,Industrials,211.79,353.77,541.63,428.92,0.5062,True,True,True,True,True,True,True,5,5,True,67124719616,2026-09-25T00:03:17.121013+00:00
ACN,Technology,177.41,319.2,419.3,359.24,0.5062,True,True,True,True,True,True,True,5,5,True,108564643840,2026-09-25T00:03:17.121013+00:00
CINF,Financial Services,162.33,,322.47,322.47,0.4966,True,True,True,True,True,True,True,5,5,True,24914092032,2026-09-25T00:03:17.121013+00:00
BR,Technology,162.66,337.12,300.89,322.63,0.4958,True,True,True,True,True,True,True,5,5,True,18812979200,2026-09-25T00:03:17.121013+00:00
ACGL,Financial Services,95.02,,187.91,187.91,0.4943,True,True,True,True,True,True,True,5,5,True,32401819648,2026-09-25T00:03:17.121013+00:00
BSX,Healthcare,44.68,109.19,56.95,88.3,0.494,True,True,True,True,True,True,True,5,5,True,64751579136,2026-09-25T00:03:17.121013+00:00
SYF,Financial Services,71.55,,140.25,140.25,0.4898,True,True,True,True,,,True,3,3,True,23280285696,2026-09-25T00:03:17.121013+00:00
BMY,Healthcare,61.5,,118.46,118.46,0.4808,True,True,True,True,True,False,True,4,5,False,125626949632,2026-09-25T00:03:17.121013+00:00
HPQ,Technology,31.14,38.75,91.28,59.76,0.4789,True,True,False,True,True,,False,2,4,False,28081770496,2026-09-25T00:03:17.121013+00:00
ADBE,Technology,238.93,400.13,542.37,457.03,0.4772,True,True,True,True,True,True,True,5,5,True,94974672896,2026-09-25T00:03:17.121013+00:00
PHM,Consumer Cyclical,118.18,253.27,183.74,225.46,0.4758,True,True,True,True,True,True,True,5,5,True,22511677440,2026-09-25T00:03:17.121013+00:00
DPZ,Consumer Cyclical,293.03,731.99,292.09,556.03,0.473,True,False,True,True,True,,True,4,4,False,9693940736,2026-09-25T00:03:17.121013+00:00
HST,Real Estate,22.21,,41.93,41.93,0.4703,True,True,True,True,True,True,True,5,5,True,15429873664,2026-09-25T00:03:17.121013+00:00
PTC,Technology,137.41,244.24,280.83,258.88,0.4692,True,True,True,True,True,True,True,5,5,True,14909846528,2026-09-25T00:03:17.121013+00:00
JKHY,Technology,147.75,320.47,214.6,278.12,0.4688,True,True,True,True,True,True,True,5,5,True,10359138304,2026-09-25T00:03:17.121013+00:00
STZ,Consumer Defensive,114.21,,210.87,210.87,0.4584,True,True,False,True,True,True,True,4,5,False,19507564544,2026-09-25T00:03:17.121013+00:00
DLTR,Consumer Defensive,113.5,245.37,155.52,209.43,0.4581,True,True,True,True,True,False,True,4,5,False,21296039936,2026-09-25T00:03:17.121013+00:00
EG,Financial Services,371.96,,680.8,680.8,0.4536,True,True,True,True,,True,True,4,4,True,14261963776,2026-09-25T00:03:17.121013+00:00
BRK-B,Financial Services,505.18,,914.52,914.52,0.4476,True,True,True,True,True,True,True,5,5,True,1081443745792,2026-09-25T00:03:17.121013+00:00
DHI,Consumer Cyclical,140.35,296.94,186.28,252.68,0.4446,True,True,True,True,True,True,True,5,5,True,39256076288,2026-09-25T00:03:17.121013+00:00
SNA,Industrials,367.71,767.1,501.45,660.84,0.4436,True,True,True,True,True,True,True,5,5,True,19020580864,2026-09-25T00:03:17.121013+00:00
UBER,Technology,69.22,133.62,108.82,123.7,0.4404,True,True,True,True,True,True,True,5,5,True,141386006528,2026-09-25T00:03:17.121013+00:00
HIG,Financial Services,125.69,,224.39,224.39,0.4398,True,True,True,True,True,True,True,5,5,True,34045902848,2026-09-25T00:03:17.121013+00:00
CRM,Technology,238.22,496.23,317.6,424.78,0.4392,True,True,True,True,True,True,True,5,5,True,196055056384,2026-09-25T00:03:17.121013+00:00
KHC,Consumer Defensive,23.86,,42.51,42.51,0.4388,True,True,False,False,True,True,True,3,5,False,28293754880,2026-09-25T00:03:17.121013+00:00
VTRS,Healthcare,17.42,22.94,42.74,30.86,0.4355,True,True,False,False,True,True,True,3,5,False,20008452096,2026-09-25T00:03:17.121013+00:00
CTVA,Basic Materials,79.45,192.51,62.4,140.46,0.4344,True,False,False,True,True,True,True,4,5,False,53008723968,2026-09-25T00:03:17.121013+00:00
AIG,Financial Services,74.82,,132.11,132.11,0.4336,True,True,False,True,,True,True,3,4,False,39122866176,2026-09-25T00:03:17.121013+00:00
PAYX,Technology,101.59,187.42,164.37,178.2,0.4299,True,True,True,True,True,True,True,5,5,True,36164055040,2026-09-25T00:03:17.121013+00:00
CPAY,Technology,400.32,738.14,641.87,699.63,0.4278,True,True,True,True,True,False,True,4,5,False,26284851200,2026-09-25T00:03:17.121013+00:00
LYB,Basic Materials,60.18,,101.37,101.37,0.4064,True,True,False,False,True,True,True,3,5,False,19440424960,2026-09-25T00:03:17.121013+00:00
WDAY,Technology,190.99,422.76,160.86,318.0,0.3994,True,False,True,True,True,True,True,5,5,False,46028591104,2026-09-25T00:03:17.121013+00:00
SLB,Energy,51.43,118.3,36.37,85.53,0.3987,True,False,True,True,True,True,True,5,5,False,76329484288,2026-09-25T00:03:17.121013+00:00
HII,Industrials,266.0,,441.79,441.79,0.3979,True,True,True,True,True,True,True,5,5,True,10481624064,2026-09-25T00:03:17.121013+00:00
DOW,Basic Materials,28.56,,47.27,47.27,0.3959,True,True,False,False,False,True,True,2,5,False,20630050816,2026-09-25T00:03:17.121013+00:00
ALLE,Industrials,152.48,287.5,196.86,251.24,0.3931,True,True,True,True,True,True,True,5,5,True,12966408192,2026-09-25T00:03:17.121013+00:00
TPR,Consumer Cyclical,112.12,220.43,127.98,183.45,0.3888,True,True,True,True,True,False,True,4,5,False,22355795968,2026-09-25T00:03:17.121013+00:00
TMUS,Communication Services,165.35,,269.61,269.61,0.3867,True,True,True,True,True,False,True,4,5,False,177366253568,2026-09-25T00:03:17.121013+00:00
SOLV,Healthcare,88.59,,142.72,142.72,0.3793,True,True,True,True,False,True,True,4,5,False,15080119296,2026-09-25T00:03:17.121013+00:00
COR,Healthcare,309.87,593.2,356.69,498.6,0.3785,True,True,True,True,True,False,True,4,5,False,59131613184,2026-09-25T00:03:17.121013+00:00
INCY,Healthcare,124.44,210.63,184.38,200.13,0.3782,True,True,True,True,True,True,True,5,5,True,25223708672,2026-09-25T00:03:17.121013+00:00
TRV,Financial Services,362.39,,580.73,580.73,0.376,True,True,True,True,,True,False,3,4,False,75585503232,2026-09-25T00:03:17.121013+00:00
GPN,Industrials,85.31,,136.27,136.27,0.3739,True,True,False,True,True,True,True,4,5,False,22574594048,2026-09-25T00:03:17.121013+00:00
BAX,Healthcare,23.48,,37.42,37.42,0.3726,True,True,True,False,True,True,True,4,5,False,12139065344,2026-09-25T00:03:17.121013+00:00
NOC,Industrials,508.98,,807.78,807.78,0.3699,True,True,True,True,True,True,True,5,5,True,72307236864,2026-09-25T00:03:17.121013+00:00
FSLR,Technology,172.16,123.58,495.63,272.4,0.368,True,False,True,True,True,True,True,5,5,False,18502000640,2026-09-25T00:03:17.121013+00:00
RMD,Healthcare,221.89,421.42,245.28,350.97,0.3678,True,True,True,True,True,True,True,5,5,True,32008142848,2026-09-25T00:03:17.121013+00:00
EOG,Energy,142.86,,225.85,225.85,0.3675,True,True,False,True,True,True,True,4,5,False,76091310080,2026-09-25T00:03:17.121013+00:00
BKNG,Consumer Cyclical,157.41,291.06,170.21,242.72,0.3515,True,True,True,True,True,,True,4,4,True,121973620736,2026-09-25T00:03:17.121013+00:00
LII,Industrials,367.78,,564.39,564.39,0.3484,True,True,True,True,,True,True,4,4,True,12710725632,2026-09-25T00:03:17.121013+00:00
TROW,Financial Services,104.27,,159.66,159.66,0.3469,True,True,True,True,True,True,True,5,5,True,22242443264,2026-09-25T00:03:17.121013+00:00
PPG,Basic Materials,106.32,160.36,165.39,162.37,0.3452,True,True,True,True,True,True,True,5,5,True,23634935808,2026-09-25T00:03:17.121013+00:00
PYPL,Financial Services,52.6,,80.26,80.26,0.3446,True,True,True,True,True,True,True,5,5,True,45341200384,2026-09-25T00:03:17.121013+00:00
EFX,Industrials,148.8,249.67,192.44,226.78,0.3439,True,True,True,True,True,True,True,5,5,True,17481752576,2026-09-25T00:03:17.121013+00:00
GIS,Consumer Defensive,34.83,,52.94,52.94,0.3421,True,True,False,False,True,True,True,3,5,False,18624067584,2026-09-25T00:03:17.121013+00:00
SPG,Real Estate,204.7,,310.81,310.81,0.3414,True,True,True,True,True,False,True,4,5,False,77708926976,2026-09-25T00:03:17.121013+00:00
MO,Consumer Defensive,68.88,,104.3,104.3,0.3396,True,True,False,True,True,,True,3,4,False,115011952640,2026-09-25T00:03:17.121013+00:00
VRSK,Industrials,168.65,311.18,170.69,254.98,0.3386,True,True,True,True,True,,True,4,4,True,22096832512,2026-09-25T00:03:17.121013+00:00
CHD,Consumer Defensive,95.33,194.83,65.32,143.02,0.3335,True,False,True,True,True,True,True,5,5,False,22612647936,2026-09-25T00:03:17.121013+00:00
BF-B,Consumer Defensive,26.0,,38.62,38.62,0.3267,True,True,False,True,True,True,True,4,5,False,11930470400,2026-09-25T00:03:17.121013+00:00
PCAR,Industrials,110.67,199.17,111.42,164.07,0.3255,True,True,False,True,True,True,True,4,5,False,58252808192,2026-09-25T00:03:17.121013+00:00
TEL,Technology,213.67,301.26,330.93,313.13,0.3176,True,True,True,True,True,True,True,5,5,True,61951623168,2026-09-25T00:03:17.121013+00:00
ZBH,Healthcare,89.69,,130.77,130.77,0.3141,True,True,True,True,True,True,True,5,5,True,17107264512,2026-09-25T00:03:17.121013+00:00
EXPE,Consumer Cyclical,261.75,421.45,320.67,381.14,0.3132,True,True,True,True,True,False,True,4,5,False,31415062528,2026-09-25T00:03:17.121013+00:00
SW,Consumer Cyclical,46.0,77.55,50.88,66.88,0.3122,True,True,True,True,True,True,True,5,5,True,24128053248,2026-09-25T00:03:17.121013+00:00
PGR,Financial Services,202.17,,293.59,293.59,0.3114,True,True,True,True,True,True,True,5,5,True,117339463680,2026-09-25T00:03:17.121013+00:00
IBM,Technology,227.06,326.23,330.01,327.74,0.3072,True,True,True,True,True,True,True,5,5,True,213921038336,2026-09-25T00:03:17.121013+00:00
OXY,Energy,58.05,,83.78,83.78,0.3071,True,True,False,True,True,True,True,4,5,False,58028949504,2026-09-25T00:03:17.121013+00:00
KR,Consumer Defensive,58.92,,84.57,84.57,0.3033,True,True,False,True,True,False,True,3,5,False,34797481984,2026-09-25T00:03:17.121013+00:00
PSKY,Communication Services,10.18,,14.56,14.56,0.3007,True,True,True,False,True,True,False,3,5,False,11393182720,2026-09-25T00:03:17.121013+00:00
DVN,Energy,48.9,,69.88,69.88,0.3002,True,True,False,True,True,True,True,4,5,False,53790003200,2026-09-25T00:03:17.121013+00:00
LUV,Industrials,41.55,,58.77,58.77,0.293,True,True,True,True,False,True,True,4,5,False,20326600704,2026-09-25T00:03:17.121013+00:00
ORCL,Technology,139.54,,197.27,197.27,0.2927,True,True,True,True,False,False,True,3,5,False,421932105728,2026-09-25T00:03:17.121013+00:00
MAS,Industrials,67.31,80.55,116.12,94.78,0.2898,True,True,False,True,True,,True,3,4,False,13272684544,2026-09-25T00:03:17.121013+00:00
CVS,Healthcare,85.05,,119.29,119.29,0.287,True,True,True,True,True,True,True,5,5,True,108776431616,2026-09-25T00:03:17.121013+00:00
HAL,Energy,32.76,53.29,34.33,45.71,0.2833,True,True,True,True,True,True,True,5,5,True,27367628800,2026-09-25T00:03:17.121013+00:00
L,Financial Services,105.07,,145.29,145.29,0.2768,True,True,True,True,True,True,,4,4,True,21479219200,2026-09-25T00:03:17.121013+00:00
LVS,Consumer Cyclical,38.65,48.08,60.96,53.23,0.2739,True,True,True,True,True,False,True,4,5,False,25033652224,2026-09-25T00:03:17.121013+00:00
TXT,Industrials,76.02,76.94,145.78,104.47,0.2724,True,True,True,True,True,True,True,5,5,True,13219039232,2026-09-25T00:03:17.121013+00:00
STE,Healthcare,208.77,327.82,221.46,285.28,0.2682,True,True,True,True,True,True,True,5,5,True,20355098624,2026-09-25T00:03:17.121013+00:00
BBY,Consumer Cyclical,91.0,117.55,133.05,123.75,0.2646,True,True,False,True,True,True,False,3,5,False,19085219840,2026-09-25T00:03:17.121013+00:00
AIZ,Financial Services,261.86,,355.0,355.0,0.2624,True,True,True,True,True,True,True,5,5,True,12915920896,2026-09-25T00:03:17.121013+00:00
BKR,Energy,57.29,97.03,48.33,77.55,0.2613,True,False,True,True,True,True,True,5,5,False,56870297600,2026-09-25T00:03:17.121013+00:00
SBAC,Real Estate,166.12,,224.79,224.79,0.261,True,True,True,True,True,,True,4,4,True,17623357440,2026-09-25T00:03:17.121013+00:00
NUE,Basic Materials,247.96,,331.22,331.22,0.2514,True,True,False,True,False,True,True,3,5,False,56256094208,2026-09-25T00:03:17.121013+00:00
AMCR,Consumer Cyclical,42.1,,56.04,56.04,0.2488,True,True,True,True,True,True,True,5,5,True,19464753152,2026-09-25T00:03:17.121013+00:00
EXC,Utilities,40.2,,53.42,53.42,0.2475,True,True,True,True,False,True,True,4,5,False,41416208384,2026-09-25T00:03:17.121013+00:00
TFC,Financial Services,47.18,,62.57,62.57,0.246,True,True,True,True,True,,True,4,4,True,57636327424,2026-09-25T00:03:17.121013+00:00
PFE,Healthcare,28.41,,37.37,37.37,0.2398,True,True,False,True,True,True,True,4,5,False,161927725056,2026-09-25T00:03:17.121013+00:00
ES,Utilities,63.8,,83.78,83.78,0.2385,True,True,True,True,False,True,True,4,5,False,24031848448,2026-09-25T00:03:17.121013+00:00
LMT,Industrials,523.7,,687.31,687.31,0.238,True,True,True,True,True,False,True,4,5,False,120865120256,2026-09-25T00:03:17.121013+00:00
DAL,Industrials,82.76,69.21,165.83,107.86,0.2327,True,False,True,True,True,True,True,5,5,False,54424883200,2026-09-25T00:03:17.121013+00:00
SYK,Healthcare,269.75,418.52,250.54,351.32,0.2322,True,False,True,True,True,True,True,5,5,False,103468834816,2026-09-25T00:03:17.121013+00:00
UPS,Industrials,92.05,71.17,192.71,119.79,0.2316,True,False,False,True,True,True,True,4,5,False,78314446848,2026-09-25T00:03:17.121013+00:00
COF,Financial Services,196.61,,255.61,255.61,0.2308,True,True,True,True,True,,True,4,4,True,120620244992,2026-09-25T00:03:17.121013+00:00
RF,Financial Services,27.26,,35.38,35.38,0.2296,True,True,True,True,True,,True,4,4,True,23223599104,2026-09-25T00:03:17.121013+00:00
GL,Financial Services,167.32,,217.09,217.09,0.2293,True,True,True,True,True,True,True,5,5,True,12858449920,2026-09-25T00:03:17.121013+00:00
TYL,Technology,326.85,548.79,231.2,421.75,0.225,True,False,True,True,True,True,True,5,5,False,13385250816,2026-09-25T00:03:17.121013+00:00
CPRT,Industrials,28.04,33.66,39.93,36.17,0.2247,True,True,True,True,True,True,True,5,5,True,27011168256,2026-09-25T00:03:17.121013+00:00
UDR,Real Estate,33.55,,43.06,43.06,0.2208,True,True,True,True,True,True,True,5,5,True,12430799872,2026-09-25T00:03:17.121013+00:00
TSN,Consumer Defensive,51.14,,65.14,65.14,0.215,True,True,True,True,True,True,True,5,5,True,17991129088,2026-09-25T00:03:17.121013+00:00
DELL,Technology,536.02,594.2,812.22,681.4,0.2134,True,True,True,True,True,,True,4,4,True,340808368128,2026-09-25T00:03:17.121013+00:00
QCOM,Technology,194.26,242.43,252.89,246.62,0.2123,True,True,True,True,True,True,False,4,5,False,207481421824,2026-09-25T00:03:17.121013+00:00
LEN,Consumer Cyclical,81.47,,103.0,103.0,0.209,True,True,True,True,True,True,False,4,5,False,19625728000,2026-09-25T00:03:17.121013+00:00
J,Industrials,135.33,214.91,103.98,170.54,0.2065,True,False,True,True,True,True,True,5,5,False,15979885568,2026-09-25T00:03:17.121013+00:00
WYNN,Consumer Cyclical,80.19,,101.06,101.06,0.2065,True,True,True,True,True,,True,4,4,True,8257476096,2026-09-25T00:03:17.121013+00:00
ED,Utilities,102.71,,128.88,128.88,0.2031,True,True,True,True,True,True,True,5,5,True,37985099776,2026-09-25T00:03:17.121013+00:00
RL,Consumer Cyclical,351.86,464.26,406.08,440.99,0.2021,True,True,True,True,True,True,True,5,5,True,20964605952,2026-09-25T00:03:17.121013+00:00
DIS,Communication Services,105.56,137.43,124.45,132.24,0.2018,True,True,True,True,True,True,True,5,5,True,182269067264,2026-09-25T00:03:17.121013+00:00
GD,Industrials,336.29,,421.03,421.03,0.2013,True,True,True,True,True,True,True,5,5,True,90985676800,2026-09-25T00:03:17.121013+00:00
DUK,Utilities,113.23,,141.69,141.69,0.2008,True,True,True,True,False,True,True,4,5,False,88285683712,2026-09-25T00:03:17.121013+00:00
DG,Consumer Defensive,122.53,,153.26,153.26,0.2005,True,True,True,True,True,True,True,5,5,True,27032174592,2026-09-25T00:03:17.121013+00:00
LHX,Industrials,238.04,,296.57,296.57,0.1974,False,True,True,True,True,True,True,5,5,True,44326526976,2026-09-25T00:03:17.121013+00:00
MTB,Financial Services,218.66,,271.57,271.57,0.1948,False,True,True,True,True,,True,4,4,True,31691048960,2026-09-25T00:03:17.121013+00:00
HPE,Technology,63.52,,78.86,78.86,0.1945,False,True,True,True,True,True,True,5,5,True,84320567296,2026-09-25T00:03:17.121013+00:00
LOW,Consumer Cyclical,188.49,240.34,223.62,233.65,0.1933,False,True,False,True,True,,True,3,4,False,105753075712,2026-09-25T00:03:17.121013+00:00
USB,Financial Services,58.4,,72.06,72.06,0.1896,False,True,True,True,,,True,3,3,True,90990206976,2026-09-25T00:03:17.121013+00:00
DOV,Industrials,187.89,234.51,226.46,231.29,0.1876,False,True,True,True,True,True,True,5,5,True,25305067520,2026-09-25T00:03:17.121013+00:00
FE,Utilities,43.19,,53.07,53.07,0.1861,False,True,True,True,False,False,True,3,5,False,24982441984,2026-09-25T00:03:17.121013+00:00
AMP,Financial Services,485.15,,595.22,595.22,0.1849,False,True,True,True,True,True,True,5,5,True,42887258112,2026-09-25T00:03:17.121013+00:00
CDW,Technology,139.46,102.33,274.01,171.0,0.1845,False,False,False,True,True,False,True,3,5,False,17434931200,2026-09-25T00:03:17.121013+00:00
HBAN,Financial Services,15.31,,18.7,18.7,0.1813,False,True,True,True,True,,True,4,4,True,30932551680,2026-09-25T00:03:17.121013+00:00
FRT,Real Estate,110.35,,134.38,134.38,0.1788,False,True,True,True,True,True,True,5,5,True,9591445504,2026-09-25T00:03:17.121013+00:00
CB,Financial Services,334.84,,407.16,407.16,0.1776,False,True,True,True,,True,True,4,4,True,129181229056,2026-09-25T00:03:17.121013+00:00
KEY,Financial Services,20.25,,24.6,24.6,0.1767,False,True,True,True,True,,True,4,4,True,21609353216,2026-09-25T00:03:17.121013+00:00
INVH,Real Estate,26.5,,32.09,32.09,0.1743,False,True,True,True,True,True,True,5,5,True,15651515392,2026-09-25T00:03:17.121013+00:00
PEP,Consumer Defensive,128.15,,154.51,154.51,0.1706,False,True,True,True,True,False,True,4,5,False,175052898304,2026-09-25T00:03:17.121013+00:00
WFC,Financial Services,82.18,,98.96,98.96,0.1696,False,True,True,True,,,True,3,3,True,248512249856,2026-09-25T00:03:17.121013+00:00
COP,Energy,129.34,,155.69,155.69,0.1692,False,True,False,True,True,True,True,4,5,False,155380989952,2026-09-25T00:03:17.121013+00:00
TJX,Consumer Cyclical,131.63,196.99,99.77,158.1,0.1674,False,False,True,True,True,True,True,5,5,False,145412243456,2026-09-25T00:03:17.121013+00:00
PRU,Financial Services,118.75,,142.41,142.41,0.1662,False,True,True,True,,True,False,3,4,False,40968749056,2026-09-25T00:03:17.121013+00:00
IVZ,Financial Services,30.68,,36.79,36.79,0.166,False,True,True,False,True,True,True,4,5,False,13545212928,2026-09-25T00:03:17.121013+00:00
HAS,Consumer Cyclical,86.81,,104.08,104.08,0.1659,False,True,False,False,True,False,True,2,5,False,12244069376,2026-09-25T00:03:17.121013+00:00
XYL,Industrials,102.66,120.7,124.74,122.32,0.1607,False,True,True,True,True,True,True,5,5,True,23969757184,2026-09-25T00:03:17.121013+00:00
AMT,Real Estate,167.26,,199.13,199.13,0.16,False,True,True,True,True,False,True,4,5,False,77936476160,2026-09-25T00:03:17.121013+00:00
MDT,Healthcare,88.51,105.18,104.74,105.01,0.1571,False,True,True,True,True,True,True,5,5,True,113216503808,2026-09-25T00:03:17.121013+00:00
PNC,Financial Services,223.34,,261.36,261.36,0.1455,False,True,True,True,,,True,3,3,True,89100083200,2026-09-25T00:03:17.121013+00:00
TDY,Technology,612.02,749.42,666.22,716.14,0.1454,False,True,True,True,True,True,True,5,5,True,28354359296,2026-09-25T00:03:17.121013+00:00
RCL,Consumer Cyclical,238.98,,278.92,278.92,0.1432,False,True,True,True,True,False,True,4,5,False,63915696128,2026-09-25T00:03:17.121013+00:00
CRH,Basic Materials,83.96,67.22,143.39,97.69,0.1405,False,False,True,True,True,True,True,5,5,False,55857283072,2026-09-25T00:03:17.121013+00:00
BDX,Healthcare,179.23,,208.09,208.09,0.1387,False,True,True,True,True,True,True,5,5,True,48819888128,2026-09-25T00:03:17.121013+00:00
NTAP,Technology,197.24,229.88,225.95,228.31,0.1361,False,True,True,True,True,True,False,4,5,False,38741684224,2026-09-25T00:03:17.121013+00:00
KMB,Consumer Defensive,97.22,,112.39,112.39,0.135,False,True,False,True,True,False,True,3,5,False,32271241216,2026-09-25T00:03:17.121013+00:00
ADP,Technology,263.11,277.91,339.69,302.62,0.1306,False,True,True,True,True,True,True,5,5,True,104523800576,2026-09-25T00:03:17.121013+00:00
REG,Real Estate,72.92,,83.76,83.76,0.1294,False,True,True,True,,True,True,4,4,True,13633031168,2026-09-25T00:03:17.121013+00:00
CCL,Consumer Cyclical,21.79,10.72,46.43,25.0,0.1285,False,False,True,True,True,False,True,4,5,False,29844656128,2026-09-25T00:03:17.121013+00:00
CASY,Consumer Cyclical,598.85,852.82,437.17,686.56,0.1278,False,False,True,True,True,True,True,5,5,False,22133596160,2026-09-25T00:03:17.121013+00:00
TSCO,Consumer Cyclical,31.44,,36.01,36.01,0.1269,False,True,True,True,True,False,True,4,5,False,16381501440,2026-09-25T00:03:17.121013+00:00
AFL,Financial Services,114.01,,130.34,130.34,0.1253,False,True,False,True,,True,True,3,4,False,57158152192,2026-09-25T00:03:17.121013+00:00
WRB,Financial Services,67.29,,76.8,76.8,0.1238,False,True,True,True,True,True,True,5,5,True,24979900416,2026-09-25T00:03:17.121013+00:00
REGN,Healthcare,796.02,,897.99,897.99,0.1136,False,True,True,True,True,True,True,5,5,True,81954234368,2026-09-25T00:03:17.121013+00:00
BXP,Real Estate,62.27,,69.84,69.84,0.1083,False,True,True,True,,False,True,3,4,False,11263237120,2026-09-25T00:03:17.121013+00:00
WM,Industrials,207.96,,231.23,231.23,0.1006,False,True,True,True,True,False,True,4,5,False,83124772864,2026-09-25T00:03:17.121013+00:00
ALGN,Healthcare,145.62,151.98,176.83,161.92,0.1006,False,True,True,True,True,True,True,5,5,True,10345179136,2026-09-25T00:03:17.121013+00:00
BAC,Financial Services,56.03,,62.28,62.28,0.1004,False,True,True,True,,,True,3,3,True,391803699200,2026-09-25T00:03:17.121013+00:00
KIM,Real Estate,22.25,,24.73,24.73,0.1004,False,True,True,True,,True,True,4,4,True,14925063168,2026-09-25T00:03:17.121013+00:00
HONA,Industrials,158.46,215.93,114.58,175.39,0.0965,False,False,True,True,True,,True,4,4,False,50224332800,2026-09-25T00:03:17.121013+00:00
MPC,Energy,390.95,,432.23,432.23,0.0955,False,True,False,True,True,True,False,3,5,False,114132631552,2026-09-25T00:03:17.121013+00:00
ELV,Healthcare,398.25,333.24,590.77,436.25,0.0871,False,False,True,True,True,True,True,5,5,False,86368198656,2026-09-25T00:03:17.121013+00:00
PPL,Utilities,31.97,,34.93,34.93,0.0847,False,True,True,True,False,True,True,4,5,False,24058857472,2026-09-25T00:03:17.121013+00:00
FANG,Energy,189.01,,206.41,206.41,0.0843,False,True,True,True,False,True,True,4,5,False,53171027968,2026-09-25T00:03:17.121013+00:00
CLX,Consumer Defensive,81.8,,88.99,88.99,0.0808,False,True,False,True,True,False,True,3,5,False,9892156416,2026-09-25T00:03:17.121013+00:00
FERG,Industrials,220.17,224.88,255.55,237.15,0.0716,False,True,True,True,True,True,True,5,5,True,42592485376,2026-09-25T00:03:17.121013+00:00
PEG,Utilities,66.56,,71.43,71.43,0.0682,False,True,True,True,True,True,True,5,5,True,33168271360,2026-09-25T00:03:17.121013+00:00
ROL,Consumer Cyclical,30.4,40.33,21.02,32.61,0.0677,False,False,True,True,True,True,True,5,5,False,14626820096,2026-09-25T00:03:17.121013+00:00
HSY,Consumer Defensive,166.88,,178.17,178.17,0.0634,False,True,True,True,True,True,True,5,5,True,33530476544,2026-09-25T00:03:17.121013+00:00
AEE,Utilities,99.2,,105.7,105.7,0.0615,False,True,True,,False,True,True,3,4,False,27462850560,2026-09-25T00:03:17.121013+00:00
URI,Industrials,1021.67,,1086.62,1086.62,0.0598,False,True,True,True,True,True,True,5,5,True,63591280640,2026-09-25T00:03:17.121013+00:00
KVUE,Consumer Defensive,17.61,,18.65,18.65,0.0556,False,True,True,True,True,True,True,5,5,True,33824823296,2026-09-25T00:03:17.121013+00:00
JBHT,Industrials,229.15,244.87,238.33,242.25,0.0541,False,True,False,True,True,True,True,4,5,False,21517185024,2026-09-25T00:03:17.121013+00:00
NVR,Consumer Cyclical,6235.49,6050.28,7390.04,6586.18,0.0532,False,False,False,True,True,True,True,4,5,False,16616708096,2026-09-25T00:03:17.121013+00:00
HUBB,Industrials,465.88,536.47,422.96,491.07,0.0513,False,False,True,True,True,True,True,5,5,False,24617926656,2026-09-25T00:03:17.121013+00:00
OMC,Communication Services,74.7,,78.58,78.58,0.0494,False,True,True,False,True,True,True,4,5,False,21289963520,2026-09-25T00:03:17.121013+00:00
SO,Utilities,82.89,,87.09,87.09,0.0483,False,True,True,True,False,True,True,4,5,False,95353585664,2026-09-25T00:03:17.121013+00:00
PNW,Utilities,91.08,,95.66,95.66,0.0478,False,True,True,True,False,False,True,3,5,False,11038644224,2026-09-25T00:03:17.121013+00:00
MAA,Real Estate,117.26,,123.04,123.04,0.047,False,True,True,True,True,True,True,5,5,True,13992242176,2026-09-25T00:03:17.121013+00:00
CPT,Real Estate,97.41,,101.73,101.73,0.0424,False,True,True,True,True,True,True,5,5,True,9793539072,2026-09-25T00:03:17.121013+00:00
EVRG,Utilities,77.66,,80.98,80.98,0.041,False,True,True,True,False,True,True,4,5,False,17905846272,2026-09-25T00:03:17.121013+00:00
PSA,Real Estate,284.56,,296.46,296.46,0.0401,False,True,True,True,True,True,True,5,5,True,53170688000,2026-09-25T00:03:17.121013+00:00
RJF,Financial Services,158.76,,164.99,164.99,0.0377,False,True,True,True,True,True,True,5,5,True,30539343872,2026-09-25T00:03:17.121013+00:00
SWKS,Technology,87.81,91.2,91.12,91.17,0.0369,False,True,False,True,True,True,False,3,5,False,13207147520,2026-09-25T00:03:17.121013+00:00
MCK,Healthcare,869.36,,902.06,902.06,0.0362,False,True,True,True,True,,True,4,4,True,101358993408,2026-09-25T00:03:17.121013+00:00
BRO,Financial Services,60.33,,62.53,62.53,0.0352,False,True,True,True,True,True,True,5,5,True,20187043840,2026-09-25T00:03:17.121013+00:00
EME,Industrials,751.96,748.99,822.81,778.52,0.0341,False,False,True,True,True,True,True,5,5,False,33168881664,2026-09-25T00:03:17.121013+00:00
OTIS,Industrials,66.68,47.03,100.9,68.58,0.0277,False,False,True,True,True,,True,4,4,False,25383032832,2026-09-25T00:03:17.121013+00:00
NI,Utilities,39.12,,40.1,40.1,0.0245,False,True,True,True,False,True,True,4,5,False,18760390656,2026-09-25T00:03:17.121013+00:00
GEHC,Healthcare,66.38,43.25,105.05,67.97,0.0233,False,False,True,True,True,True,True,5,5,False,30195714048,2026-09-25T00:03:17.121013+00:00
RSG,Industrials,212.72,,217.38,217.38,0.0214,False,True,True,True,True,True,True,5,5,True,65137627136,2026-09-25T00:03:17.121013+00:00
CFG,Financial Services,64.73,,66.02,66.02,0.0196,False,True,True,True,True,,True,4,4,True,27262775296,2026-09-25T00:03:17.121013+00:00
DGX,Healthcare,236.59,237.16,246.03,240.71,0.0171,False,True,True,True,True,True,True,5,5,True,26113232896,2026-09-25T00:03:17.121013+00:00
CMS,Utilities,62.77,,63.75,63.75,0.0154,False,True,False,True,False,True,True,3,5,False,19390883840,2026-09-25T00:03:17.121013+00:00
EXR,Real Estate,132.23,,134.01,134.01,0.0133,False,True,True,True,True,True,True,5,5,True,29183496192,2026-09-25T00:03:17.121013+00:00
VRSN,Technology,291.88,308.98,275.37,295.54,0.0124,False,False,True,True,True,,True,4,4,False,26385952768,2026-09-25T00:03:17.121013+00:00
ZBRA,Technology,365.1,347.83,399.92,368.66,0.0097,False,False,False,True,True,True,True,4,5,False,17390952448,2026-09-25T00:03:17.121013+00:00
GS,Financial Services,923.29,,932.09,932.09,0.0094,False,True,True,True,False,False,True,3,5,False,268835635200,2026-09-25T00:03:17.121013+00:00
C,Financial Services,132.1,,133.34,133.34,0.0093,False,True,True,True,False,,True,3,4,False,221589405696,2026-09-25T00:03:17.121013+00:00
GILD,Healthcare,149.69,,150.68,150.68,0.0066,False,True,True,True,True,False,True,4,5,False,185608896512,2026-09-25T00:03:17.121013+00:00
FFIV,Technology,446.55,493.85,380.9,448.67,0.0047,False,False,True,True,True,True,False,4,5,False,25286868992,2026-09-25T00:03:17.121013+00:00
O,Real Estate,55.41,,55.48,55.48,0.0012,False,True,True,True,,True,True,4,4,False,52429942784,2026-09-25T00:03:17.121013+00:00
CCI,Real Estate,67.63,,67.53,67.53,-0.0015,False,False,False,True,True,,True,3,4,False,28773550080,2026-09-25T00:03:17.121013+00:00
OKE,Energy,91.18,100.48,76.7,90.97,-0.0024,False,False,True,True,True,True,True,5,5,False,57480712192,2026-09-25T00:03:17.121013+00:00
PFG,Financial Services,114.15,,113.68,113.68,-0.0042,False,False,False,True,True,True,False,3,5,False,24440045568,2026-09-25T00:03:17.121013+00:00
AMGN,Healthcare,406.04,,402.68,402.68,-0.0083,False,False,True,True,True,False,False,3,5,False,219518222336,2026-09-25T00:03:17.121013+00:00
SJM,Consumer Defensive,121.66,,120.6,120.6,-0.0088,False,False,True,False,True,True,True,4,5,False,12996109312,2026-09-25T00:03:17.121013+00:00
JPM,Financial Services,338.56,,335.44,335.44,-0.0093,False,False,True,True,,,True,3,3,False,899955556352,2026-09-25T00:03:17.121013+00:00
IR,Industrials,74.78,75.38,71.87,73.98,-0.0108,False,False,True,True,True,True,True,5,5,False,29014595584,2026-09-25T00:03:17.121013+00:00
BG,Consumer Defensive,110.21,,108.85,108.85,-0.0125,False,False,True,True,False,True,True,4,5,False,21173448704,2026-09-25T00:03:17.121013+00:00
VLTO,Industrials,96.2,91.86,99.22,94.8,-0.0147,False,False,True,True,True,True,True,5,5,False,23452919808,2026-09-25T00:03:17.121013+00:00
JBL,Technology,310.69,275.93,349.72,305.45,-0.0172,False,False,False,True,True,False,True,3,5,False,32556300288,2026-09-25T00:03:17.121013+00:00
VMC,Basic Materials,241.7,246.87,219.45,235.9,-0.0246,False,False,True,True,True,True,True,5,5,False,31319179264,2026-09-25T00:03:17.121013+00:00
MSI,Technology,454.91,464.23,409.81,442.46,-0.0281,False,False,True,True,True,False,True,4,5,False,75284783104,2026-09-25T00:03:17.121013+00:00
GM,Consumer Cyclical,80.57,,78.21,78.21,-0.0302,False,False,True,True,True,False,True,4,5,False,72871657472,2026-09-25T00:03:17.121013+00:00
ATO,Utilities,156.42,,151.06,151.06,-0.0355,False,False,True,True,False,True,True,4,5,False,26433189888,2026-09-25T00:03:17.121013+00:00
DOC,Real Estate,20.27,,19.57,19.57,-0.0359,False,False,True,True,,True,True,4,4,False,14370361344,2026-09-25T00:03:17.121013+00:00
HRL,Consumer Defensive,19.84,,19.15,19.15,-0.0359,False,False,False,True,True,True,True,4,5,False,10918960128,2026-09-25T00:03:17.121013+00:00
AEP,Utilities,117.57,,113.11,113.11,-0.0394,False,False,True,True,False,True,True,4,5,False,64004800512,2026-09-25T00:03:17.121013+00:00
D,Utilities,60.4,,58.06,58.06,-0.0403,False,False,True,True,False,True,True,4,5,False,53123366912,2026-09-25T00:03:17.121013+00:00
NTRS,Financial Services,174.5,,167.43,167.43,-0.0422,False,False,True,True,True,,True,4,4,False,31925760000,2026-09-25T00:03:17.121013+00:00
CNP,Utilities,36.82,,35.28,35.28,-0.0436,False,False,True,True,False,False,True,3,5,False,24254078976,2026-09-25T00:03:17.121013+00:00
VLO,Energy,382.86,341.44,402.41,365.83,-0.0466,False,False,False,True,True,True,False,3,5,False,110235901952,2026-09-25T00:03:17.121013+00:00
XEL,Utilities,69.56,,66.16,66.16,-0.0515,False,False,False,True,False,True,True,3,5,False,43449561088,2026-09-25T00:03:17.121013+00:00
AZO,Consumer Cyclical,2861.75,,2720.59,2720.59,-0.0519,False,False,True,True,True,,True,4,4,False,46283083776,2026-09-25T00:03:17.121013+00:00
CMI,Industrials,521.07,450.76,557.33,493.39,-0.0561,False,False,True,True,True,True,True,5,5,False,71901970432,2026-09-25T00:03:17.121013+00:00
HSIC,Healthcare,85.53,69.44,97.41,80.63,-0.0608,False,False,True,True,True,True,True,5,5,False,9743300608,2026-09-25T00:03:17.121013+00:00
BIIB,Healthcare,226.36,,213.32,213.32,-0.0611,False,False,False,True,True,True,True,4,5,False,33445595136,2026-09-25T00:03:17.121013+00:00
SWK,Industrials,90.17,47.77,140.06,84.69,-0.0647,False,False,False,True,True,True,True,4,5,False,13617170432,2026-09-25T00:03:17.121013+00:00
ABNB,Consumer Cyclical,151.39,172.95,95.67,142.04,-0.0659,False,False,True,True,True,True,True,5,5,False,90650165248,2026-09-25T00:03:17.121013+00:00
AON,Financial Services,276.09,,258.79,258.79,-0.0669,False,False,True,True,True,True,True,5,5,False,58565713920,2026-09-25T00:03:17.121013+00:00
UNH,Healthcare,375.01,321.26,396.68,351.43,-0.0671,False,False,True,True,True,True,True,5,5,False,336607051776,2026-09-25T00:03:17.121013+00:00
BEN,Financial Services,32.55,,30.46,30.46,-0.0687,False,False,True,True,True,True,True,5,5,False,16537902080,2026-09-25T00:03:17.121013+00:00
DRI,Consumer Cyclical,207.24,196.66,184.83,191.93,-0.0798,False,False,True,True,True,False,True,4,5,False,23530395648,2026-09-25T00:03:17.121013+00:00
GOOG,Communication Services,339.01,227.52,443.39,313.87,-0.0801,False,False,True,True,True,True,True,5,5,False,4146070290432,2026-09-25T00:03:17.121013+00:00
ADSK,Technology,211.35,167.18,237.51,195.31,-0.0821,False,False,True,True,True,True,True,5,5,False,44172152832,2026-09-25T00:03:17.121013+00:00
PG,Consumer Defensive,145.68,,133.99,133.99,-0.0872,False,False,True,True,True,True,True,5,5,False,338623397888,2026-09-25T00:03:17.121013+00:00
CMG,Consumer Cyclical,32.01,35.48,20.0,29.29,-0.093,False,False,True,True,True,False,True,4,5,False,40506028032,2026-09-25T00:03:17.121013+00:00
SYY,Consumer Defensive,78.19,62.93,84.38,71.51,-0.0934,False,False,True,True,True,False,True,4,5,False,37497446400,2026-09-25T00:03:17.121013+00:00
WEC,Utilities,100.9,,92.19,92.19,-0.0945,False,False,True,True,False,True,True,4,5,False,32878202880,2026-09-25T00:03:17.121013+00:00
YUM,Consumer Cyclical,137.34,,125.22,125.22,-0.0968,False,False,True,True,True,,True,4,4,False,37480235008,2026-09-25T00:03:17.121013+00:00
AKAM,Technology,110.41,,100.25,100.25,-0.1013,False,False,True,True,True,True,True,5,5,False,15867751424,2026-09-25T00:03:17.121013+00:00
MCD,Consumer Cyclical,237.02,,215.15,215.15,-0.1017,False,False,True,True,True,,True,4,4,False,167725203456,2026-09-25T00:03:17.121013+00:00
MS,Financial Services,196.32,,178.08,178.08,-0.1025,False,False,True,True,False,False,True,3,5,False,308333576192,2026-09-25T00:03:17.121013+00:00
NKE,Consumer Cyclical,35.99,23.99,45.46,32.58,-0.1047,False,False,False,True,True,True,True,4,5,False,53391122432,2026-09-25T00:03:17.121013+00:00
FDS,Financial Services,271.25,,245.11,245.11,-0.1067,False,False,True,True,True,True,False,4,5,False,9647154176,2026-09-25T00:03:17.121013+00:00
WTW,Financial Services,293.63,,264.66,264.66,-0.1095,False,False,True,True,True,True,True,5,5,False,27269986304,2026-09-25T00:03:17.121013+00:00
STT,Financial Services,181.09,,163.12,163.12,-0.1102,False,False,True,True,True,,True,4,4,False,49745739776,2026-09-25T00:03:17.121013+00:00
FTV,Technology,55.44,38.44,66.49,49.66,-0.1164,False,False,False,True,True,True,True,4,5,False,16901494784,2026-09-25T00:03:17.121013+00:00
GRMN,Technology,295.04,247.76,285.18,262.73,-0.123,False,False,True,True,True,True,True,5,5,False,56900296704,2026-09-25T00:03:17.121013+00:00
VMRK,Real Estate,61.05,,54.33,54.33,-0.1236,False,False,True,True,True,True,True,5,5,False,47239217152,2026-09-25T00:03:17.121013+00:00
AVY,Consumer Cyclical,169.01,123.98,189.84,150.33,-0.1243,False,False,False,True,True,True,True,4,5,False,12927639552,2026-09-25T00:03:17.121013+00:00
SNDK,Technology,1753.62,1206.26,2086.68,1558.42,-0.1253,False,False,True,True,True,True,True,5,5,False,256763297792,2026-09-25T00:03:17.121013+00:00
MNST,Consumer Defensive,42.67,48.03,22.13,37.67,-0.1326,False,False,True,True,True,True,True,5,5,False,83592732672,2026-09-25T00:03:17.121013+00:00
GOOGL,Communication Services,342.36,214.28,430.26,300.67,-0.1386,False,False,True,True,True,True,True,5,5,False,4187040514048,2026-09-25T00:03:17.121013+00:00
RTX,Industrials,188.61,,165.47,165.47,-0.1399,False,False,True,True,True,True,True,5,5,False,254200659968,2026-09-25T00:03:17.121013+00:00
CVX,Energy,205.65,169.58,194.67,179.62,-0.1449,False,False,False,True,True,True,True,4,5,False,403403702272,2026-09-25T00:03:17.121013+00:00
ROST,Consumer Cyclical,235.4,240.44,152.18,205.13,-0.1475,False,False,True,True,True,True,True,5,5,False,75199258624,2026-09-25T00:03:17.121013+00:00
FICO,Technology,856.48,556.69,1030.83,746.34,-0.1476,False,False,True,True,True,,True,4,4,False,18497943552,2026-09-25T00:03:17.121013+00:00
BALL,Consumer Cyclical,56.66,35.68,69.78,49.32,-0.1488,False,False,False,True,True,True,True,4,5,False,15085527040,2026-09-25T00:03:17.121013+00:00
DTE,Utilities,121.18,,105.31,105.31,-0.1507,False,False,False,True,False,False,True,2,5,False,25216112640,2026-09-25T00:03:17.121013+00:00
CBRE,Real Estate,136.53,,118.33,118.33,-0.1538,False,False,True,True,True,True,True,5,5,False,39535714304,2026-09-25T00:03:17.121013+00:00
SHW,Basic Materials,320.4,293.22,250.62,276.18,-0.1601,False,False,True,True,True,False,True,4,5,False,77779705856,2026-09-25T00:03:17.121013+00:00
AMZN,Consumer Cyclical,249.38,,214.41,214.41,-0.1631,False,False,True,True,True,True,True,5,5,False,2689890779136,2026-09-25T00:03:17.121013+00:00
ERIE,Financial Services,218.96,,187.92,187.92,-0.1652,False,False,True,True,True,True,,4,4,False,11449390080,2026-09-25T00:03:17.121013+00:00
XYZ,Technology,76.74,84.54,37.75,65.82,-0.1659,False,False,True,True,True,True,True,5,5,False,46105006080,2026-09-25T00:03:17.121013+00:00
TGT,Consumer Defensive,156.15,83.11,208.51,133.27,-0.1717,False,False,False,True,True,True,True,4,5,False,70937608192,2026-09-25T00:03:17.121013+00:00
MDLZ,Consumer Defensive,60.86,,51.65,51.65,-0.1782,False,False,True,True,True,True,True,5,5,False,78122926080,2026-09-25T00:03:17.121013+00:00
WAB,Industrials,290.23,264.58,214.61,244.59,-0.1866,False,False,True,True,True,True,True,5,5,False,49022996480,2026-09-25T00:03:17.121013+00:00
TDG,Industrials,1105.28,925.17,939.69,930.98,-0.1872,False,False,True,True,True,,True,4,4,False,61822271488,2026-09-25T00:03:17.121013+00:00
PLD,Real Estate,133.82,,112.57,112.57,-0.1887,False,False,True,True,,True,True,4,4,False,130085273600,2026-09-25T00:03:17.121013+00:00
ITW,Industrials,272.0,195.3,277.43,228.15,-0.1922,False,False,True,True,True,False,True,4,5,False,77465600000,2026-09-25T00:03:17.121013+00:00
CARR,Industrials,54.87,47.36,43.72,45.9,-0.1954,False,False,True,True,True,True,True,5,5,False,45573947392,2026-09-25T00:03:17.121013+00:00
FDXF,Industrials,113.81,,95.06,95.06,-0.1972,False,False,False,True,False,,True,2,4,False,17016657920,2026-09-25T00:03:17.121013+00:00
AWK,Utilities,131.53,,109.5,109.5,-0.2012,False,False,True,True,False,True,True,4,5,False,26138824704,2026-09-25T00:03:17.121013+00:00
XOM,Energy,162.14,,134.89,134.89,-0.202,False,False,False,True,True,True,True,4,5,False,666705395712,2026-09-25T00:03:17.121013+00:00
FITB,Financial Services,51.46,,42.72,42.72,-0.2046,False,False,True,True,True,,True,4,4,False,46652243968,2026-09-25T00:03:17.121013+00:00
IFF,Basic Materials,85.85,,70.84,70.84,-0.2119,False,False,False,False,True,True,True,3,5,False,21917802496,2026-09-25T00:03:17.121013+00:00
LNT,Utilities,63.31,,52.23,52.23,-0.2121,False,False,True,True,False,True,True,4,5,False,16415314944,2026-09-25T00:03:17.121013+00:00
NRG,Utilities,97.85,,80.66,80.66,-0.2131,False,False,False,True,True,False,True,3,5,False,20569094144,2026-09-25T00:03:17.121013+00:00
BNY,Financial Services,150.19,,123.27,123.27,-0.2184,False,False,True,True,True,,True,4,4,False,101904539648,2026-09-25T00:03:17.121013+00:00
NEE,Utilities,75.62,,61.82,61.82,-0.2232,False,False,True,True,True,True,True,5,5,False,157713481728,2026-09-25T00:03:17.121013+00:00
NDSN,Industrials,323.26,262.7,264.1,263.26,-0.2279,False,False,True,True,True,True,True,5,5,False,18011383808,2026-09-25T00:03:17.121013+00:00
ETR,Utilities,98.16,,79.65,79.65,-0.2325,False,False,False,True,False,True,True,3,5,False,46898638848,2026-09-25T00:03:17.121013+00:00
SRE,Utilities,77.74,,62.71,62.71,-0.2397,False,False,False,True,False,True,True,3,5,False,50834210816,2026-09-25T00:03:17.121013+00:00
NXPI,Technology,230.16,56.84,378.8,185.62,-0.2399,False,False,False,True,True,True,True,4,5,False,58038108160,2026-09-25T00:03:17.121013+00:00
ESS,Real Estate,271.65,,217.39,217.39,-0.2496,False,False,True,True,True,True,True,5,5,False,18723799040,2026-09-25T00:03:17.121013+00:00
CEG,Utilities,261.62,,208.29,208.29,-0.2561,False,False,True,True,True,True,True,5,5,False,92693897216,2026-09-25T00:03:17.121013+00:00
SCHW,Financial Services,99.49,,78.97,78.97,-0.2599,False,False,True,True,True,True,True,5,5,False,172051595264,2026-09-25T00:03:17.121013+00:00
AME,Industrials,247.74,203.96,181.41,194.94,-0.2709,False,False,True,True,True,True,True,5,5,False,56782753792,2026-09-25T00:03:17.121013+00:00
JNJ,Healthcare,270.68,,212.43,212.43,-0.2742,False,False,True,True,True,True,True,5,5,False,652311330816,2026-09-25T00:03:17.121013+00:00
MRSH,Financial Services,169.93,,132.67,132.67,-0.2809,False,False,True,True,True,True,True,5,5,False,81092509696,2026-09-25T00:03:17.121013+00:00
AXP,Financial Services,305.66,,237.19,237.19,-0.2886,False,False,True,True,True,True,True,5,5,False,206415200256,2026-09-25T00:03:17.121013+00:00
COO,Healthcare,55.38,26.95,66.9,42.93,-0.2901,False,False,True,True,True,True,True,5,5,False,10530800640,2026-09-25T00:03:17.121013+00:00
MET,Financial Services,97.25,,75.21,75.21,-0.2931,False,False,True,True,,True,True,4,4,False,61800132608,2026-09-25T00:03:17.121013+00:00
LH,Healthcare,308.95,178.43,324.55,236.88,-0.3043,False,False,True,True,True,True,True,5,5,False,25055846400,2026-09-25T00:03:17.121013+00:00
CBOE,Financial Services,267.57,,204.43,204.43,-0.3089,False,False,True,True,True,True,True,5,5,False,27942606848,2026-09-25T00:03:17.121013+00:00
TT,Industrials,438.54,329.19,340.69,333.79,-0.3138,False,False,True,True,True,True,True,5,5,False,96488972288,2026-09-25T00:03:17.121013+00:00
APP,Communication Services,312.47,220.05,263.27,237.33,-0.3166,False,False,True,True,True,True,True,5,5,False,104568250368,2026-09-25T00:03:17.121013+00:00
ULTA,Consumer Cyclical,548.78,341.05,526.07,415.06,-0.3222,False,False,True,True,True,True,True,5,5,False,23464445952,2026-09-25T00:03:17.121013+00:00
ABT,Healthcare,101.07,73.04,81.35,76.36,-0.3235,False,False,True,True,True,True,True,5,5,False,176045047808,2026-09-25T00:03:17.121013+00:00
ECL,Basic Materials,275.37,221.12,186.14,207.13,-0.3295,False,False,True,True,True,True,True,5,5,False,77194084352,2026-09-25T00:03:17.121013+00:00
IEX,Industrials,228.5,154.66,196.83,171.53,-0.3321,False,False,True,True,True,True,True,5,5,False,16844996608,2026-09-25T00:03:17.121013+00:00
WSM,Consumer Cyclical,228.66,164.56,181.96,171.52,-0.3331,False,False,False,True,True,True,True,4,5,False,26928830464,2026-09-25T00:03:17.121013+00:00
MLM,Basic Materials,480.1,352.18,370.09,359.34,-0.336,False,False,False,True,True,True,True,4,5,False,34096406528,2026-09-25T00:03:17.121013+00:00
WY,Real Estate,20.14,,15.07,15.07,-0.3362,False,False,False,True,False,True,True,3,5,False,14515622912,2026-09-25T00:03:17.121013+00:00
NOW,Technology,137.78,136.37,52.57,102.85,-0.3396,False,False,True,True,True,True,True,5,5,False,142445510656,2026-09-25T00:03:17.121013+00:00
DXCM,Healthcare,87.47,68.01,61.07,65.24,-0.3408,False,False,True,True,True,True,True,5,5,False,33007747072,2026-09-25T00:03:17.121013+00:00
CRL,Healthcare,294.44,233.27,194.09,217.6,-0.3531,False,False,True,False,True,True,False,3,5,False,14056233984,2026-09-25T00:03:17.121013+00:00
META,Communication Services,777.59,540.43,626.06,574.68,-0.3531,False,False,True,True,True,True,True,5,5,False,1980915384320,2026-09-25T00:03:17.121013+00:00
VRTX,Healthcare,522.38,,385.02,385.02,-0.3568,False,False,True,True,True,True,True,5,5,False,132318855168,2026-09-25T00:03:17.121013+00:00
CHRW,Industrials,146.2,91.95,130.98,107.56,-0.3592,False,False,False,True,True,True,True,4,5,False,17083653120,2026-09-25T00:03:17.121013+00:00
CL,Consumer Defensive,85.32,,62.62,62.62,-0.3626,False,False,True,True,True,False,True,4,5,False,68014784512,2026-09-25T00:03:17.121013+00:00
NFLX,Communication Services,71.72,48.59,58.03,52.36,-0.3696,False,False,True,True,True,True,True,5,5,False,298637754368,2026-09-25T00:03:17.121013+00:00
PM,Consumer Defensive,191.5,,138.64,138.64,-0.3813,False,False,True,True,True,,True,4,4,False,298474471424,2026-09-25T00:03:17.121013+00:00
ECHO,Communication Services,90.38,,64.48,64.48,-0.4017,False,False,False,False,False,True,True,2,5,False,26283935744,2026-09-25T00:03:17.121013+00:00
ALB,Basic Materials,108.25,74.52,80.65,76.97,-0.4064,False,False,False,False,True,True,True,3,5,False,12774047744,2026-09-25T00:03:17.121013+00:00
HD,Consumer Cyclical,292.18,168.96,264.56,207.2,-0.4101,False,False,True,True,True,False,True,4,5,False,291504947200,2026-09-25T00:03:17.121013+00:00
EXPD,Industrials,183.66,97.9,177.36,129.69,-0.4162,False,False,False,True,True,True,False,3,5,False,23874078720,2026-09-25T00:03:17.121013+00:00
PH,Industrials,974.98,657.52,734.06,688.13,-0.4168,False,False,True,True,True,True,True,5,5,False,122957078528,2026-09-25T00:03:17.121013+00:00
PODD,Healthcare,135.78,71.16,131.64,95.35,-0.424,False,False,True,True,True,True,True,5,5,False,9416912896,2026-09-25T00:03:17.121013+00:00
IQV,Healthcare,275.02,184.17,196.47,189.09,-0.4544,False,False,True,True,True,False,True,4,5,False,45268291584,2026-09-25T00:03:17.121013+00:00
UNP,Industrials,274.07,93.54,326.48,186.71,-0.4679,False,False,False,True,True,True,True,4,5,False,162818277376,2026-09-25T00:03:17.121013+00:00
EW,Healthcare,85.73,63.15,50.27,58.0,-0.4781,False,False,True,True,True,True,True,5,5,False,49363337216,2026-09-25T00:03:17.121013+00:00
KDP,Consumer Defensive,30.88,,20.87,20.87,-0.4796,False,False,True,True,True,True,True,5,5,False,42022305792,2026-09-25T00:03:17.121013+00:00
ON,Technology,73.15,29.98,78.24,49.29,-0.4841,False,False,False,True,True,True,True,4,5,False,28478658560,2026-09-25T00:03:17.121013+00:00
KMI,Energy,31.25,,21.01,21.01,-0.4877,False,False,False,True,True,True,True,4,5,False,69525807104,2026-09-25T00:03:17.121013+00:00
BLK,Financial Services,1073.45,,717.25,717.25,-0.4966,False,False,True,True,True,True,True,5,5,False,174410055680,2026-09-25T00:03:17.121013+00:00
KO,Consumer Defensive,88.1,,58.33,58.33,-0.5102,False,False,True,True,True,True,True,5,5,False,379054555136,2026-09-25T00:03:17.121013+00:00
ICE,Financial Services,156.93,,103.74,103.74,-0.5127,False,False,True,True,True,True,True,5,5,False,88099635200,2026-09-25T00:03:17.121013+00:00
SPGI,Financial Services,403.25,,260.43,260.43,-0.5484,False,False,True,True,True,True,True,5,5,False,118878101504,2026-09-25T00:03:17.121013+00:00
Q,Technology,122.31,57.34,110.92,78.78,-0.5526,False,False,False,True,True,True,True,4,5,False,25604276224,2026-09-25T00:03:17.121013+00:00
APD,Basic Materials,284.49,,182.58,182.58,-0.5582,False,False,False,False,False,True,True,2,5,False,63351808000,2026-09-25T00:03:17.121013+00:00
APH,Technology,83.08,42.69,68.69,53.09,-0.5648,False,False,True,True,True,True,True,5,5,False,204872531968,2026-09-25T00:03:17.121013+00:00
FLEX,Technology,112.4,55.03,96.02,71.43,-0.5737,False,False,False,True,True,True,True,4,5,False,41520893952,2026-09-25T00:03:17.121013+00:00
TRMB,Technology,57.69,13.24,71.33,36.47,-0.5817,False,False,False,True,True,True,True,4,5,False,13452144640,2026-09-25T00:03:17.121013+00:00
PKG,Consumer Cyclical,238.11,120.36,194.77,150.12,-0.5861,False,False,True,True,True,True,True,5,5,False,21215195136,2026-09-25T00:03:17.121013+00:00
HUM,Healthcare,380.32,137.09,392.85,239.39,-0.5887,False,False,True,True,True,True,True,5,5,False,45668941824,2026-09-25T00:03:17.121013+00:00
WDC,Technology,450.31,86.47,577.82,283.01,-0.5912,False,False,True,True,True,True,True,5,5,False,162355183616,2026-09-25T00:03:17.121013+00:00
CTAS,Industrials,197.68,117.96,131.58,123.41,-0.6018,False,False,True,True,True,True,True,5,5,False,78976516096,2026-09-25T00:03:17.121013+00:00
ROK,Industrials,432.93,249.27,290.32,265.69,-0.6295,False,False,True,True,True,True,True,5,5,False,48076300288,2026-09-25T00:03:17.121013+00:00
MRK,Healthcare,147.98,,90.67,90.67,-0.6321,False,False,True,True,True,True,True,5,5,False,365092044800,2026-09-25T00:03:17.121013+00:00
COST,Consumer Defensive,896.48,627.97,426.71,547.47,-0.6375,False,False,True,True,True,True,True,5,5,False,397569884160,2026-09-25T00:03:17.121013+00:00
CSCO,Technology,106.97,41.36,100.09,64.85,-0.6495,False,False,True,True,True,True,True,5,5,False,421738512384,2026-09-25T00:03:17.121013+00:00
MSFT,Technology,497.93,127.61,553.57,297.99,-0.6709,False,False,True,True,True,True,True,5,5,False,3697401921536,2026-09-25T00:03:17.121013+00:00
CME,Financial Services,268.91,,160.34,160.34,-0.6771,False,False,True,True,True,True,True,5,5,False,96694460416,2026-09-25T00:03:17.121013+00:00
EL,Consumer Defensive,95.37,57.44,54.33,56.19,-0.6972,False,False,False,True,True,False,True,3,5,False,34504380416,2026-09-25T00:03:17.121013+00:00
PSX,Energy,255.87,88.23,238.11,148.18,-0.7268,False,False,False,True,True,True,False,3,5,False,102097485824,2026-09-25T00:03:17.121013+00:00
ABBV,Healthcare,265.12,,153.39,153.39,-0.7284,False,False,True,True,True,,True,4,4,False,468498120704,2026-09-25T00:03:17.121013+00:00
IDXX,Healthcare,513.39,272.77,331.42,296.23,-0.7331,False,False,True,True,True,True,True,5,5,False,40497745920,2026-09-25T00:03:17.121013+00:00
IRM,Real Estate,114.09,,65.66,65.66,-0.7375,False,False,True,True,False,,True,3,4,False,33964912640,2026-09-25T00:03:17.121013+00:00
NVDA,Technology,224.58,67.77,213.57,126.09,-0.7811,False,False,True,True,True,True,True,5,5,False,5422933082112,2026-09-25T00:03:17.121013+00:00
GWW,Industrials,1279.47,465.39,1085.74,713.53,-0.7932,False,False,True,True,True,True,True,5,5,False,60407771136,2026-09-25T00:03:17.121013+00:00
TRGP,Energy,283.15,,156.38,156.38,-0.8107,False,False,False,True,True,False,True,3,5,False,60716142592,2026-09-25T00:03:17.121013+00:00
NDAQ,Financial Services,94.55,,52.02,52.02,-0.8176,False,False,True,True,True,True,True,5,5,False,52851310592,2026-09-25T00:03:17.121013+00:00
BX,Financial Services,117.21,,64.3,64.3,-0.8229,False,False,True,True,True,True,True,5,5,False,140100845568,2026-09-25T00:03:17.121013+00:00
VEEV,Healthcare,274.84,,150.69,150.69,-0.8239,False,False,True,True,,True,True,4,4,False,44499025920,2026-09-25T00:03:17.121013+00:00
NSC,Industrials,313.17,54.79,336.06,167.3,-0.8719,False,False,False,True,True,True,True,4,5,False,70340608000,2026-09-25T00:03:17.121013+00:00
ODFL,Industrials,174.93,58.85,144.55,93.13,-0.8784,False,False,False,True,True,True,True,4,5,False,36272893952,2026-09-25T00:03:17.121013+00:00
FAST,Industrials,50.73,24.23,30.22,26.63,-0.9053,False,False,True,True,True,True,False,4,5,False,58212552704,2026-09-25T00:03:17.121013+00:00
EMR,Industrials,156.14,41.17,142.99,81.9,-0.9065,False,False,True,True,True,True,True,5,5,False,87454007296,2026-09-25T00:03:17.121013+00:00
LIN,Basic Materials,468.14,146.17,390.68,243.97,-0.9188,False,False,True,True,True,True,True,5,5,False,215803265024,2026-09-25T00:03:17.121013+00:00
ETN,Industrials,440.0,214.01,251.49,229.01,-0.9213,False,False,True,True,True,True,True,5,5,False,170852007936,2026-09-25T00:03:17.121013+00:00
EQIX,Real Estate,1034.76,,535.48,535.48,-0.9324,False,False,True,True,False,True,True,4,5,False,102101516288,2026-09-25T00:03:17.121013+00:00
MGM,Consumer Cyclical,33.69,,17.34,17.34,-0.9425,False,False,True,True,True,False,True,4,5,False,8476159488,2026-09-25T00:03:17.121013+00:00
AJG,Financial Services,227.13,,116.75,116.75,-0.9454,False,False,True,True,True,True,True,5,5,False,58222731264,2026-09-25T00:03:17.121013+00:00
V,Financial Services,367.98,,188.59,188.59,-0.9512,False,False,True,True,True,True,True,5,5,False,690829197312,2026-09-25T00:03:17.121013+00:00
MU,Technology,1080.53,28.87,1340.08,553.35,-0.9527,False,False,True,True,True,True,True,5,5,False,1220343234560,2026-09-25T00:03:17.121013+00:00
DHR,Healthcare,223.77,94.81,139.71,112.77,-0.9843,False,False,False,True,True,True,True,4,5,False,157307191296,2026-09-25T00:03:17.121013+00:00
MCO,Financial Services,467.35,,233.09,233.09,-1.005,False,False,True,True,True,False,True,4,5,False,80936140800,2026-09-25T00:03:17.121013+00:00
MMM,Industrials,167.52,22.53,175.07,83.55,-1.005,False,False,False,True,True,False,True,3,5,False,86393823232,2026-09-25T00:03:17.121013+00:00
ORLY,Consumer Cyclical,86.24,31.39,57.46,41.82,-1.0622,False,False,True,True,True,,True,4,4,False,69764775936,2026-09-25T00:03:17.121013+00:00
EBAY,Consumer Cyclical,107.83,29.66,86.05,52.21,-1.0651,False,False,True,True,True,True,True,5,5,False,47984349184,2026-09-25T00:03:17.121013+00:00
WMB,Energy,70.58,,34.12,34.12,-1.0685,False,False,True,True,True,False,True,4,5,False,86331162624,2026-09-25T00:03:17.121013+00:00
WBD,Communication Services,30.84,3.92,31.35,14.89,-1.0708,False,False,True,True,True,True,False,4,5,False,77320101888,2026-09-25T00:03:17.121013+00:00
MA,Financial Services,566.08,,273.18,273.18,-1.0722,False,False,True,True,True,False,True,4,5,False,495891709952,2026-09-25T00:03:17.121013+00:00
FIX,Industrials,1643.39,616.74,1056.37,792.59,-1.0734,False,False,True,True,True,True,True,5,5,False,57838006272,2026-09-25T00:03:17.121013+00:00
RDDT,Communication Services,152.72,59.75,93.99,73.45,-1.0793,False,False,True,True,True,True,True,5,5,False,29382795264,2026-09-25T00:03:17.121013+00:00
STLD,Basic Materials,235.2,10.68,265.69,112.68,-1.0873,False,False,False,True,True,True,True,4,5,False,33710768128,2026-09-25T00:03:17.121013+00:00
INTC,Technology,127.39,,60.77,60.77,-1.0962,False,False,False,False,False,True,False,1,5,False,673396948992,2026-09-25T00:03:17.121013+00:00
KEYS,Technology,357.54,135.47,220.66,169.55,-1.1088,False,False,False,True,True,True,True,4,5,False,60869308416,2026-09-25T00:03:17.121013+00:00
KKR,Financial Services,95.64,,45.02,45.02,-1.1243,False,False,True,True,True,True,True,5,5,False,88332197888,2026-09-25T00:03:17.121013+00:00
COHR,Technology,290.61,,136.64,136.64,-1.1268,False,False,True,True,False,True,True,4,5,False,56910802944,2026-09-25T00:03:17.121013+00:00
ILMN,Healthcare,273.9,133.06,121.71,128.52,-1.1312,False,False,False,True,True,True,False,3,5,False,41358897152,2026-09-25T00:03:17.121013+00:00
GE,Industrials,319.78,113.99,204.01,150.0,-1.1319,False,False,True,True,True,True,True,5,5,False,331791728640,2026-09-25T00:03:17.121013+00:00
DE,Industrials,694.94,271.12,407.47,325.66,-1.1339,False,False,False,True,True,False,False,2,5,False,187373486080,2026-09-25T00:03:17.121013+00:00
WMT,Consumer Defensive,107.59,43.37,60.88,50.38,-1.1358,False,False,True,True,True,True,True,5,5,False,853591719936,2026-09-25T00:03:17.121013+00:00
MTD,Healthcare,1519.15,519.39,994.52,709.44,-1.1413,False,False,True,True,True,False,False,3,5,False,30438541312,2026-09-25T00:03:17.121013+00:00
DLR,Real Estate,181.0,,84.49,84.49,-1.1423,False,False,True,True,,True,True,4,4,False,68357132288,2026-09-25T00:03:17.121013+00:00
ADI,Technology,382.61,112.2,274.9,177.28,-1.1582,False,False,False,True,True,True,True,4,5,False,185399590912,2026-09-25T00:03:17.121013+00:00
AVGO,Technology,350.36,111.85,234.77,161.02,-1.1759,False,False,True,True,True,True,True,5,5,False,1672488943616,2026-09-25T00:03:17.121013+00:00
ISRG,Healthcare,399.52,166.47,207.08,182.71,-1.1866,False,False,True,,True,,True,3,3,False,143139241984,2026-09-25T00:03:17.121013+00:00
CSX,Industrials,46.95,2.68,49.59,21.45,-1.1891,False,False,False,True,True,True,True,4,5,False,86973693952,2026-09-25T00:03:17.121013+00:00
AAPL,Technology,335.92,83.55,257.7,153.21,-1.1926,False,False,True,True,True,True,False,4,5,False,4902477103104,2026-09-25T00:03:17.121013+00:00
VST,Utilities,137.94,1.3,153.98,62.37,-1.2116,False,False,True,True,True,False,True,4,5,False,46297522176,2026-09-25T00:03:17.121013+00:00
FTNT,Technology,178.67,77.29,84.05,80.0,-1.2335,False,False,True,True,True,True,False,4,5,False,131092619264,2026-09-25T00:03:17.121013+00:00
A,Healthcare,172.84,49.92,116.29,76.47,-1.2603,False,False,True,True,True,True,True,5,5,False,48728584192,2026-09-25T00:03:17.121013+00:00
MSCI,Financial Services,556.08,,244.85,244.85,-1.2711,False,False,True,True,True,,True,4,4,False,40427016192,2026-09-25T00:03:17.121013+00:00
MAR,Consumer Cyclical,351.51,137.59,177.37,153.51,-1.2899,False,False,True,True,True,,True,4,4,False,91661959168,2026-09-25T00:03:17.121013+00:00
VTR,Real Estate,86.83,,37.86,37.86,-1.2932,False,False,True,True,True,True,True,5,5,False,44539133952,2026-09-25T00:03:17.121013+00:00
HWM,Industrials,229.38,87.33,117.21,99.29,-1.3103,False,False,True,True,True,True,True,5,5,False,91477065728,2026-09-25T00:03:17.121013+00:00
CAT,Industrials,805.25,194.96,572.11,345.82,-1.3285,False,False,True,True,True,False,True,4,5,False,370153193472,2026-09-25T00:03:17.121013+00:00
FCX,Basic Materials,72.08,4.24,69.38,30.3,-1.3789,False,False,True,True,True,True,True,5,5,False,103508148224,2026-09-25T00:03:17.121013+00:00
CSGP,Real Estate,27.86,,11.63,11.63,-1.3947,False,False,True,True,True,True,True,5,5,False,11286778880,2026-09-25T00:03:17.121013+00:00
GEV,Industrials,955.04,249.69,619.25,397.51,-1.4025,False,False,True,True,True,True,True,5,5,False,254359224320,2026-09-25T00:03:17.121013+00:00
ANET,Technology,205.7,78.22,93.73,84.42,-1.4366,False,False,True,True,True,,True,4,4,False,259433922560,2026-09-25T00:03:17.121013+00:00
CDNS,Technology,322.0,114.14,159.09,132.12,-1.4372,False,False,True,True,True,True,True,5,5,False,88812748800,2026-09-25T00:03:17.121013+00:00
TMO,Healthcare,678.39,176.17,422.5,274.7,-1.4696,False,False,False,True,True,True,False,3,5,False,250832879616,2026-09-25T00:03:17.121013+00:00
PWR,Industrials,643.5,254.16,269.44,260.27,-1.4724,False,False,True,True,True,True,True,5,5,False,96745971712,2026-09-25T00:03:17.121013+00:00
IBKR,Financial Services,89.82,,36.25,36.25,-1.4779,False,False,True,True,True,False,True,4,5,False,153036718080,2026-09-25T00:03:17.121013+00:00
BA,Industrials,196.8,,76.47,76.47,-1.5737,False,False,True,True,False,False,True,3,5,False,155431174144,2026-09-25T00:03:17.121013+00:00
AMAT,Technology,474.25,93.36,318.77,183.53,-1.5841,False,False,True,True,True,True,True,5,5,False,376363581440,2026-09-25T00:03:17.121013+00:00
DASH,Consumer Cyclical,187.53,90.05,43.24,71.33,-1.6292,False,False,True,True,True,True,True,5,5,False,81256366080,2026-09-25T00:03:17.121013+00:00
HLT,Consumer Cyclical,312.13,113.56,123.97,117.72,-1.6514,False,False,True,True,True,,True,4,4,False,70249512960,2026-09-25T00:03:17.121013+00:00
TECH,Healthcare,72.57,24.91,30.63,27.2,-1.6684,False,False,True,True,True,True,False,4,5,False,11380299776,2026-09-25T00:03:17.121013+00:00
RVTY,Healthcare,150.68,44.25,73.25,55.85,-1.6979,False,False,False,True,True,True,False,3,5,False,16813838336,2026-09-25T00:03:17.121013+00:00
TXN,Technology,270.65,24.38,208.55,98.05,-1.7605,False,False,False,True,True,True,True,4,5,False,247170482176,2026-09-25T00:03:17.121013+00:00
GNRC,Industrials,198.05,26.04,140.19,71.7,-1.7622,False,False,False,True,True,True,True,4,5,False,11697612800,2026-09-25T00:03:17.121013+00:00
WST,Healthcare,373.6,90.37,198.76,133.73,-1.7938,False,False,True,True,True,True,True,5,5,False,26292383744,2026-09-25T00:03:17.121013+00:00
DD,Basic Materials,130.22,7.33,102.1,45.24,-1.8787,False,False,False,False,True,True,True,3,5,False,17582227456,2026-09-25T00:03:17.121013+00:00
KLAC,Technology,187.11,34.22,105.99,62.93,-1.9734,False,False,True,True,True,True,True,5,5,False,244179763200,2026-09-25T00:03:17.121013+00:00
APO,Financial Services,120.69,,40.42,40.42,-1.9859,False,False,True,True,True,True,True,5,5,False,71272652800,2026-09-25T00:03:17.121013+00:00
STX,Technology,905.92,220.74,421.01,300.85,-2.0112,False,False,True,True,True,True,True,5,5,False,205999865856,2026-09-25T00:03:17.121013+00:00
GPC,Consumer Cyclical,129.26,21.69,73.24,42.31,-2.055,False,False,True,True,True,True,True,5,5,False,17819752448,2026-09-25T00:03:17.121013+00:00
LLY,Healthcare,1181.89,158.08,706.43,377.42,-2.1315,False,False,True,True,True,True,True,5,5,False,1053486022656,2026-09-25T00:03:17.121013+00:00
CVNA,Consumer Cyclical,64.18,7.95,38.61,20.21,-2.1749,False,False,True,True,True,True,True,5,5,False,71141203968,2026-09-25T00:03:17.121013+00:00
GLW,Technology,154.15,25.76,79.29,47.17,-2.2677,False,False,True,True,True,True,True,5,5,False,132513169408,2026-09-25T00:03:17.121013+00:00
VRT,Industrials,245.3,43.45,118.77,73.58,-2.3339,False,False,True,True,True,True,True,5,5,False,94437597184,2026-09-25T00:03:17.121013+00:00
JCI,Industrials,145.36,4.15,101.19,42.97,-2.3829,False,False,True,True,True,True,True,5,5,False,88050573312,2026-09-25T00:03:17.121013+00:00
LRCX,Technology,307.16,35.56,163.96,86.92,-2.5338,False,False,True,True,True,True,True,5,5,False,384355762176,2026-09-25T00:03:17.121013+00:00
SBUX,Consumer Cyclical,93.65,16.85,39.69,25.99,-2.604,False,False,True,True,True,,True,4,4,False,106761003008,2026-09-25T00:03:17.121013+00:00
MPWR,Technology,1335.55,292.46,486.86,370.22,-2.6075,False,False,True,True,True,True,True,5,5,False,65632935936,2026-09-25T00:03:17.121013+00:00
WELL,Real Estate,233.61,,62.93,62.93,-2.7124,False,False,True,True,True,True,True,5,5,False,168332836864,2026-09-25T00:03:17.121013+00:00
HOOD,Financial Services,120.82,,32.51,32.51,-2.7166,False,False,True,True,True,False,True,4,5,False,108627124224,2026-09-25T00:03:17.121013+00:00
TER,Technology,387.7,29.11,216.63,104.12,-2.7237,False,False,True,True,True,True,True,5,5,False,60613312512,2026-09-25T00:03:17.121013+00:00
CIEN,Technology,358.43,55.9,143.78,91.05,-2.9365,False,False,True,True,True,True,True,5,5,False,50828431360,2026-09-25T00:03:17.121013+00:00
SNPS,Technology,424.91,50.43,184.2,103.94,-3.0882,False,False,True,True,True,True,True,5,5,False,81428324352,2026-09-25T00:03:17.121013+00:00
PANW,Technology,389.92,139.59,26.0,94.16,-3.1412,False,False,True,True,True,True,True,5,5,False,318954569728,2026-09-25T00:03:17.121013+00:00
MCHP,Technology,74.69,6.01,34.64,17.46,-3.2777,False,False,False,True,True,True,True,4,5,False,40557322240,2026-09-25T00:03:17.121013+00:00
COIN,Financial Services,199.21,,46.35,46.35,-3.2976,False,False,True,True,True,True,True,5,5,False,52558954496,2026-09-25T00:03:17.121013+00:00
LYV,Communication Services,171.06,9.82,82.08,38.72,-3.4173,False,False,True,True,True,False,True,4,5,False,39850053632,2026-09-25T00:03:17.121013+00:00
TTWO,Communication Services,202.98,34.15,50.41,40.65,-3.9931,False,False,True,False,True,True,True,4,5,False,37953290240,2026-09-25T00:03:17.121013+00:00
ARES,Financial Services,120.11,,24.0,24.0,-4.0042,False,False,True,True,True,True,True,5,5,False,39849607168,2026-09-25T00:03:17.121013+00:00
WAT,Healthcare,430.3,48.14,133.11,82.13,-4.2395,False,False,True,True,True,True,True,5,5,False,42249371648,2026-09-25T00:03:17.121013+00:00
DDOG,Technology,256.92,70.71,16.16,48.89,-4.255,False,False,True,True,True,True,True,5,5,False,92253552640,2026-09-25T00:03:17.121013+00:00
P,Technology,121.88,21.33,24.72,22.69,-4.3725,False,False,True,True,True,True,True,5,5,False,40613736448,2026-09-25T00:03:17.121013+00:00
MRVL,Technology,258.95,16.36,81.37,42.37,-5.1123,False,False,True,True,True,True,True,5,5,False,232719581184,2026-09-25T00:03:17.121013+00:00
TPL,Energy,338.25,11.74,115.97,53.43,-5.3308,False,False,True,True,True,True,,4,4,False,23330684928,2026-09-25T00:03:17.121013+00:00
AMD,Technology,629.26,74.04,125.92,94.8,-5.6381,False,False,True,True,True,True,False,4,5,False,1027251240960,2026-09-25T00:03:17.121013+00:00
PLTR,Technology,192.59,22.28,32.73,26.46,-6.2788,False,False,True,True,True,True,True,5,5,False,462805008384,2026-09-25T00:03:17.121013+00:00
LITE,Technology,929.04,83.19,193.21,127.2,-6.3039,False,False,True,False,True,True,True,4,5,False,83334889472,2026-09-25T00:03:17.121013+00:00
AXON,Industrials,445.0,,42.72,42.72,-9.4156,False,False,True,True,True,True,True,5,5,False,36150648832,2026-09-25T00:03:17.121013+00:00
CRWD,Technology,259.67,34.34,3.59,22.04,-10.7814,False,False,True,False,True,True,False,3,5,False,265885171712,2026-09-25T00:03:17.121013+00:00
TSLA,Consumer Cyclical,377.94,20.07,30.92,24.41,-14.4818,False,False,True,True,True,True,True,5,5,False,1492691976192,2026-09-25T00:03:17.121013+00:00
BE,Industrials,266.65,1.41,22.3,9.77,-26.3059,False,False,True,False,True,True,True,4,5,False,78535720960,2026-09-25T00:03:17.121013+00:00
