ticker,entry_date,entry_price,last_flagged_date,current_price,return_pct,days_since_entry,status
ACGL,2026-09-17,96.7,2026-09-25,94.82,-1.94,20,no longer flagged
ADBE,2026-09-17,252.67,2026-10-07,238.12,-5.76,20,still flagged
ADP,2026-09-17,272.24,2026-10-07,262.36,-3.63,20,still flagged
AIZ,2026-09-17,283.81,2026-09-25,270.96,-4.53,20,no longer flagged
ALGN,2026-09-17,149.71,2026-09-18,141.45,-5.52,20,no longer flagged
ALL,2026-09-17,252.21,2026-09-25,224.27,-11.08,20,no longer flagged
ALLE,2026-09-17,153.63,2026-10-07,155.2,1.02,20,still flagged
AMCR,2026-09-17,42.38,2026-09-25,41.77,-1.44,20,no longer flagged
AMP,2026-09-17,545.7,2026-09-25,496.61,-9.0,20,no longer flagged
AOS,2026-09-17,56.93,2026-10-07,56.9,-0.05,20,still flagged
APTV,2026-09-17,43.62,2026-10-07,44.72,2.52,20,still flagged
BAC,2026-09-17,58.18,2026-09-25,54.09,-7.03,20,no longer flagged
BDX,2026-09-17,181.38,2026-09-25,180.3,-0.6,20,no longer flagged
BKNG,2026-09-17,170.52,2026-09-25,157.63,-7.56,20,no longer flagged
BR,2026-09-17,164.31,2026-10-07,158.66,-3.44,20,still flagged
BRK-B,2026-09-17,509.2,2026-09-25,505.54,-0.72,20,no longer flagged
BSX,2026-09-17,43.55,2026-09-25,42.19,-3.12,20,no longer flagged
CB,2026-09-17,341.9,2026-09-25,334.21,-2.25,20,no longer flagged
CFG,2026-09-17,67.39,2026-09-25,64.09,-4.9,20,no longer flagged
CI,2026-09-17,276.0,2026-09-25,274.37,-0.59,20,no longer flagged
CINF,2026-09-17,169.9,2026-09-25,163.08,-4.01,20,no longer flagged
CMCSA,2026-09-17,22.91,2026-09-25,21.56,-5.89,20,no longer flagged
COF,2026-09-17,202.04,2026-09-25,195.82,-3.08,20,no longer flagged
CPRT,2026-09-17,29.66,2026-10-07,26.82,-9.58,20,still flagged
CRM,2026-09-17,242.85,2026-10-07,224.99,-7.35,20,still flagged
CTSH,2026-09-17,61.88,2026-10-07,57.22,-7.53,20,still flagged
CVS,2026-09-17,90.27,2026-09-25,86.43,-4.25,20,no longer flagged
DECK,2026-09-17,79.71,2026-10-07,81.66,2.45,20,still flagged
DG,2026-09-17,124.95,2026-09-25,123.27,-1.34,20,no longer flagged
DHI,2026-09-17,140.38,2026-10-07,136.75,-2.59,20,still flagged
DIS,2026-09-17,105.35,2026-09-25,104.03,-1.25,20,no longer flagged
DOV,2026-09-17,189.24,2026-10-07,191.88,1.4,20,still flagged
DPZ,2026-09-17,297.65,2026-09-22,302.87,1.75,20,no longer flagged
ED,2026-09-17,107.08,2026-09-25,105.12,-1.83,20,no longer flagged
EFX,2026-09-17,161.17,2026-10-07,142.48,-11.6,20,still flagged
EG,2026-09-17,380.12,2026-09-25,366.84,-3.49,20,no longer flagged
EME,2026-09-17,729.26,2026-09-17,824.52,13.06,20,no longer flagged
EXE,2026-09-17,88.33,2026-09-25,88.23,-0.11,20,no longer flagged
FDX,2026-09-17,305.88,2026-10-07,289.03,-5.51,20,still flagged
FERG,2026-09-17,214.26,2026-09-25,223.33,4.23,20,no longer flagged
FIS,2026-09-17,36.43,2026-09-25,33.42,-8.26,20,no longer flagged
FOX,2026-09-17,58.43,2026-10-07,55.58,-4.88,20,still flagged
FOXA,2026-09-17,64.98,2026-10-07,62.08,-4.46,20,still flagged
FRT,2026-09-17,111.76,2026-09-25,106.2,-4.97,20,no longer flagged
GD,2026-09-17,355.95,2026-09-25,331.33,-6.92,20,no longer flagged
GL,2026-09-17,172.26,2026-09-25,166.28,-3.47,20,no longer flagged
HAL,2026-09-17,34.03,2026-09-25,32.72,-3.85,20,no longer flagged
HBAN,2026-09-17,15.88,2026-09-25,15.33,-3.46,20,no longer flagged
HCA,2026-09-17,429.04,2026-09-25,432.2,0.74,20,no longer flagged
HIG,2026-09-17,133.14,2026-09-25,126.79,-4.77,20,no longer flagged
HII,2026-09-17,277.14,2026-09-25,263.75,-4.83,20,no longer flagged
HON,2026-09-17,206.49,2026-10-07,212.87,3.09,20,still flagged
HPE,2026-09-17,61.04,2026-09-25,70.48,15.47,20,no longer flagged
HST,2026-09-17,21.9,2026-09-25,22.48,2.65,20,no longer flagged
HSY,2026-09-17,168.33,2026-09-25,160.8,-4.47,20,no longer flagged
IBM,2026-09-17,237.75,2026-10-07,221.29,-6.92,20,still flagged
INCY,2026-09-17,127.62,2026-10-07,112.73,-11.67,20,still flagged
INTU,2026-09-17,313.13,2026-10-07,289.81,-7.45,20,still flagged
INVH,2026-09-17,27.15,2026-09-25,26.39,-2.8,20,no longer flagged
JKHY,2026-09-17,156.21,2026-10-07,144.43,-7.54,20,still flagged
KEY,2026-09-17,20.95,2026-09-25,20.14,-3.87,20,no longer flagged
KIM,2026-09-17,22.57,2026-09-25,22.14,-1.91,20,no longer flagged
KVUE,2026-09-17,17.87,2026-09-25,17.59,-1.57,20,no longer flagged
L,2026-09-17,108.36,2026-09-25,106.46,-1.75,20,no longer flagged
LDOS,2026-09-17,130.96,2026-09-25,116.69,-10.9,20,no longer flagged
LEN,2026-09-17,79.7,2026-09-18,77.41,-2.87,20,no longer flagged
LHX,2026-09-17,250.46,2026-09-25,237.9,-5.01,20,no longer flagged
LII,2026-09-17,359.08,2026-09-25,365.63,1.82,20,no longer flagged
LULU,2026-09-17,99.39,2026-10-07,93.61,-5.82,20,still flagged
MAA,2026-09-17,121.17,2026-09-25,116.99,-3.45,20,no longer flagged
MCK,2026-09-17,879.57,2026-09-25,921.67,4.79,20,no longer flagged
MDT,2026-09-17,92.77,2026-09-25,87.09,-6.12,20,no longer flagged
MKC,2026-09-17,49.7,2026-10-07,45.4,-8.65,20,still flagged
MTB,2026-09-17,226.36,2026-09-25,218.74,-3.37,20,no longer flagged
NEM,2026-09-17,124.39,2026-10-07,116.39,-6.43,20,still flagged
NOC,2026-09-17,524.0,2026-09-25,483.11,-7.8,20,no longer flagged
NTAP,2026-09-17,196.92,2026-09-17,228.45,16.01,20,no longer flagged
NWS,2026-09-17,33.37,2026-10-07,31.52,-5.54,20,still flagged
NWSA,2026-09-17,30.18,2026-09-25,28.55,-5.4,20,no longer flagged
PAYX,2026-09-17,116.51,2026-10-07,101.02,-13.29,20,still flagged
PEG,2026-09-17,70.98,2026-09-25,71.73,1.06,20,no longer flagged
PGR,2026-09-17,216.29,2026-09-25,212.05,-1.96,20,no longer flagged
PHM,2026-09-17,118.84,2026-10-07,116.1,-2.31,20,still flagged
PNC,2026-09-17,232.01,2026-09-25,220.16,-5.11,20,no longer flagged
PNR,2026-09-17,55.72,2026-10-07,52.94,-4.99,20,still flagged
PPG,2026-09-17,105.45,2026-10-07,106.52,1.01,20,still flagged
PSA,2026-09-17,300.76,2026-09-25,285.85,-4.96,20,no longer flagged
PTC,2026-09-17,134.44,2026-09-25,193.0,43.56,20,no longer flagged
PYPL,2026-09-17,52.94,2026-09-25,54.61,3.15,20,no longer flagged
QCOM,2026-09-17,188.71,2026-09-18,181.03,-4.07,20,no longer flagged
REG,2026-09-17,73.12,2026-09-25,71.42,-2.32,20,no longer flagged
REGN,2026-09-17,789.45,2026-09-25,738.72,-6.43,20,no longer flagged
RF,2026-09-17,28.48,2026-09-25,27.05,-5.02,20,no longer flagged
RJF,2026-09-17,163.77,2026-09-25,159.43,-2.65,20,no longer flagged
RL,2026-09-17,333.08,2026-09-25,368.67,10.69,20,no longer flagged
RMD,2026-09-17,228.42,2026-09-25,220.69,-3.38,20,no longer flagged
ROP,2026-09-17,374.76,2026-10-07,362.28,-3.33,20,still flagged
SBAC,2026-09-17,181.13,2026-09-25,169.7,-6.31,20,no longer flagged
SNA,2026-09-17,371.62,2026-10-07,368.61,-0.81,20,still flagged
STE,2026-09-17,208.04,2026-09-25,208.65,0.29,20,no longer flagged
SW,2026-09-17,45.48,2026-10-07,42.39,-6.79,20,still flagged
SYF,2026-09-17,74.41,2026-09-25,72.16,-3.02,20,no longer flagged
T,2026-09-17,25.39,2026-09-25,24.43,-3.78,20,no longer flagged
TDY,2026-09-17,601.98,2026-10-07,622.22,3.36,20,still flagged
TFC,2026-09-17,48.45,2026-09-25,46.25,-4.54,20,no longer flagged
TROW,2026-09-17,102.84,2026-09-25,103.6,0.74,20,no longer flagged
TSN,2026-09-17,52.26,2026-09-25,51.97,-0.55,20,no longer flagged
UBER,2026-09-17,70.87,2026-10-07,69.08,-2.53,20,still flagged
UDR,2026-09-17,34.21,2026-09-25,33.91,-0.88,20,no longer flagged
UHS,2026-09-17,180.75,2026-10-07,177.08,-2.03,20,still flagged
URI,2026-09-17,1002.53,2026-09-25,1080.62,7.79,20,no longer flagged
USB,2026-09-17,60.25,2026-09-25,57.29,-4.91,20,no longer flagged
VICI,2026-09-17,24.11,2026-09-25,22.73,-5.72,20,no longer flagged
VZ,2026-09-17,48.33,2026-09-25,45.98,-4.86,20,no longer flagged
WFC,2026-09-17,86.89,2026-09-25,81.51,-6.19,20,no longer flagged
WYNN,2026-09-17,82.96,2026-09-25,76.62,-7.64,20,no longer flagged
XYL,2026-09-17,107.6,2026-10-07,104.57,-2.82,20,still flagged
ZBH,2026-09-17,94.25,2026-09-25,89.68,-4.85,20,no longer flagged
ACN,2026-09-18,181.29,2026-10-07,193.4,6.68,19,still flagged
DELL,2026-09-18,568.06,2026-10-07,574.0,1.05,19,still flagged
O,2026-09-18,56.66,2026-09-23,54.25,-4.25,19,no longer flagged
BRO,2026-09-22,62.44,2026-09-25,60.97,-2.35,15,no longer flagged
DGX,2026-09-22,234.76,2026-09-25,228.39,-2.71,15,no longer flagged
EXR,2026-09-22,134.99,2026-09-25,133.89,-0.81,15,no longer flagged
IT,2026-09-22,178.75,2026-09-25,184.92,3.45,15,no longer flagged
NTAP,2026-09-22,192.91,2026-09-23,228.45,18.42,15,no longer flagged
RSG,2026-09-22,213.88,2026-09-25,214.74,0.4,15,no longer flagged
VRSK,2026-09-22,171.94,2026-09-22,165.2,-3.92,15,no longer flagged
WRB,2026-09-22,68.17,2026-09-25,69.65,2.17,15,no longer flagged
ALGN,2026-09-23,148.17,2026-09-25,141.45,-4.54,14,no longer flagged
TRV,2026-09-23,360.39,2026-09-23,360.64,0.07,14,no longer flagged
TXT,2026-09-23,76.81,2026-10-07,75.53,-1.67,14,still flagged
CPT,2026-09-25,97.41,2026-09-25,97.65,0.25,12,no longer flagged
VRSK,2026-09-25,168.65,2026-09-25,165.2,-2.05,12,no longer flagged
ACIW,2026-10-06,51.22,2026-10-07,50.71,-1.0,1,still flagged
ACM,2026-10-06,59.76,2026-10-07,60.16,0.67,1,still flagged
AEO,2026-10-06,18.11,2026-10-07,17.89,-1.21,1,still flagged
ALRM,2026-10-06,56.24,2026-10-07,56.11,-0.23,1,still flagged
AU,2026-10-06,94.48,2026-10-07,93.55,-0.98,1,still flagged
AXTA,2026-10-06,32.68,2026-10-07,33.4,2.2,1,still flagged
AYI,2026-10-06,304.84,2026-10-07,302.98,-0.61,1,still flagged
AZZ,2026-10-06,139.15,2026-10-07,141.59,1.75,1,still flagged
BIRK,2026-10-06,33.77,2026-10-07,34.0,0.68,1,still flagged
BMI,2026-10-06,124.89,2026-10-07,123.73,-0.93,1,still flagged
BWA,2026-10-06,60.26,2026-10-07,63.36,5.14,1,still flagged
CBZ,2026-10-06,54.72,2026-10-07,54.74,0.04,1,still flagged
CNM,2026-10-06,41.82,2026-10-07,42.1,0.67,1,still flagged
CRUS,2026-10-06,121.35,2026-10-07,118.87,-2.04,1,still flagged
CVSA,2026-10-06,125.39,2026-10-07,127.37,1.58,1,still flagged
DCI,2026-10-06,89.19,2026-10-07,90.11,1.03,1,still flagged
DLB,2026-10-06,59.36,2026-10-07,58.46,-1.52,1,still flagged
DLO,2026-10-06,14.52,2026-10-07,14.53,0.07,1,still flagged
ENS,2026-10-06,193.02,2026-10-07,192.49,-0.27,1,still flagged
EPAM,2026-10-06,109.95,2026-10-07,109.31,-0.58,1,still flagged
ESTC,2026-10-06,94.91,2026-10-07,94.6,-0.33,1,still flagged
EXLS,2026-10-06,35.9,2026-10-07,35.41,-1.36,1,still flagged
FELE,2026-10-06,99.04,2026-10-07,99.25,0.21,1,still flagged
FIZZ,2026-10-06,29.84,2026-10-06,30.02,0.6,1,no longer flagged
FLOC,2026-10-06,18.49,2026-10-07,18.56,0.38,1,still flagged
FRSH,2026-10-06,13.22,2026-10-07,13.76,4.08,1,still flagged
FWONA,2026-10-06,87.49,2026-10-07,87.73,0.27,1,still flagged
G,2026-10-06,33.52,2026-10-07,33.45,-0.21,1,still flagged
GHC,2026-10-06,1155.36,2026-10-07,1157.67,0.2,1,still flagged
GNTX,2026-10-06,21.91,2026-10-07,21.55,-1.64,1,still flagged
GRBK,2026-10-06,65.47,2026-10-07,67.0,2.34,1,still flagged
HRMY,2026-10-06,39.92,2026-10-07,39.36,-1.4,1,still flagged
INGM,2026-10-06,27.58,2026-10-07,28.17,2.14,1,still flagged
ITRI,2026-10-06,87.79,2026-10-07,88.39,0.68,1,still flagged
KEX,2026-10-06,139.85,2026-10-07,138.5,-0.97,1,still flagged
KFY,2026-10-06,71.71,2026-10-07,71.06,-0.91,1,still flagged
LAUR,2026-10-06,38.51,2026-10-07,38.25,-0.68,1,still flagged
LEA,2026-10-06,121.33,2026-10-07,122.0,0.55,1,still flagged
LOPE,2026-10-06,154.93,2026-10-07,155.55,0.4,1,still flagged
LYFT,2026-10-06,15.73,2026-10-07,15.76,0.19,1,still flagged
MBGL,2026-10-06,17.59,2026-10-07,17.62,0.17,1,still flagged
MSA,2026-10-06,183.13,2026-10-07,182.45,-0.37,1,still flagged
MTCH,2026-10-06,40.33,2026-10-07,40.62,0.72,1,still flagged
OSIS,2026-10-06,197.87,2026-10-07,198.56,0.35,1,still flagged
OSK,2026-10-06,132.67,2026-10-07,132.13,-0.41,1,still flagged
OVV,2026-10-06,60.95,2026-10-07,61.48,0.87,1,still flagged
PAGS,2026-10-06,10.95,2026-10-07,10.72,-2.1,1,still flagged
PATH,2026-10-06,13.16,2026-10-07,13.1,-0.46,1,still flagged
PAYO,2026-10-06,7.15,2026-10-07,7.15,0.0,1,still flagged
PCTY,2026-10-06,147.39,2026-10-07,146.16,-0.83,1,still flagged
PEGA,2026-10-06,34.53,2026-10-07,34.6,0.2,1,still flagged
PHIN,2026-10-06,60.18,2026-10-07,60.76,0.96,1,still flagged
PLNT,2026-10-06,42.07,2026-10-07,42.25,0.43,1,still flagged
PSN,2026-10-06,42.11,2026-10-07,42.1,-0.02,1,still flagged
QCOM,2026-10-06,180.79,2026-10-07,181.03,0.13,1,still flagged
RAMP,2026-10-06,37.71,2026-10-07,37.65,-0.16,1,still flagged
RUSHA,2026-10-06,47.16,2026-10-07,47.05,-0.23,1,still flagged
RUSHB,2026-10-06,56.3,2026-10-07,56.54,0.43,1,still flagged
SFM,2026-10-06,64.92,2026-10-07,65.17,0.39,1,still flagged
SGHC,2026-10-06,11.47,2026-10-07,11.43,-0.35,1,still flagged
SITE,2026-10-06,87.66,2026-10-07,90.47,3.21,1,still flagged
SSNC,2026-10-06,79.08,2026-10-07,77.99,-1.38,1,still flagged
SSRM,2026-10-06,33.91,2026-10-07,34.28,1.09,1,still flagged
THC,2026-10-06,259.47,2026-10-07,258.47,-0.39,1,still flagged
TILE,2026-10-06,34.86,2026-10-07,35.05,0.55,1,still flagged
TNL,2026-10-06,61.72,2026-10-07,62.82,1.78,1,still flagged
TOL,2026-10-06,135.38,2026-10-07,138.0,1.94,1,still flagged
TTAM,2026-10-06,13.5,2026-10-07,13.56,0.44,1,still flagged
TTD,2026-10-06,11.98,2026-10-07,11.92,-0.5,1,still flagged
TTEK,2026-10-06,33.33,2026-10-07,33.38,0.15,1,still flagged
ULS,2026-10-06,68.25,2026-10-07,68.37,0.18,1,still flagged
VC,2026-10-06,89.27,2026-10-07,89.31,0.04,1,still flagged
WFRD,2026-10-06,82.32,2026-10-07,79.94,-2.89,1,still flagged
YETI,2026-10-06,40.52,2026-10-07,40.25,-0.67,1,still flagged
YOU,2026-10-06,41.25,2026-10-07,41.5,0.61,1,still flagged
ZM,2026-10-06,93.62,2026-10-07,94.2,0.62,1,still flagged
IT,2026-10-07,184.92,2026-10-07,184.92,0.0,0,still flagged
PRDO,2026-10-07,32.06,2026-10-07,32.06,0.0,0,still flagged
