date,ticker,variant,flag_time_et,entry,pct_at_flag,float_m,news_age_h,rvol,score,peak_pct,close_4pm,long_ret,short_ret_stop,short_ret_nostop
2026-09-14,SCNI,4 pillars (no news),04:00,2.15,29.52,0.49,138.75,,48,54.88,2.4100000858306885,12.09,-20.0,-12.09
2026-09-14,MLEC,4 pillars (no news),04:01,8.22,16.93,0.73,,,55,6.31,7.099999904632568,-13.63,13.63,13.63
2026-09-14,SKYQ,4 pillars (no news),04:06,3.47,11.58,8.17,959.35,,30,7.49,3.134999990463257,-9.65,9.65,9.65
2026-09-14,TPET,4 pillars (no news),04:23,2.08,10.64,5.17,620.79,,30,7.67,1.9306999444961548,-7.18,7.18,7.18
2026-09-14,ELMT,4 pillars (no news),05:16,18.69,15.44,10.12,,,20,33.92,21.479999542236328,14.93,-20.0,-14.93
2026-09-14,ARMP,4 pillars (no news),07:10,6.17,14.68,11.9,0.17,,50,13.45,5.659999847412109,-8.27,8.27,8.27
2026-09-14,BMGL,4 pillars (no news),07:31,6.8,48.47,0.51,,,48,35.59,7.230000019073486,6.32,-20.0,-6.32
2026-09-14,FTFT,4 pillars (no news),07:52,3.1685,10.02,5.39,,,30,199.19,8.029999732971191,153.43,-20.0,-153.43
2026-09-14,VNCE,4 pillars (no news),09:28,5.98,14.12,4.2,,,45,28.76,7.630000114440918,27.59,-20.0,-27.59
2026-09-14,ALAR,4 pillars (no news),09:39,2.12,10.42,7.06,1513.65,6.87,35,9.43,2.1700000762939453,2.36,-2.36,-2.36
2026-09-14,ELWT,4 pillars (no news),10:22,8.2,14.45,1.62,637.64,5.61,60,2.62,7.398499965667725,-9.77,9.77,9.77
2026-09-14,WPRT,4 pillars (no news),10:49,2.03,10.33,15.74,4.32,5.36,35,0.99,1.957800030708313,-3.56,3.56,3.56
2026-09-14,PED,4 pillars (no news),11:43,16.36,10.24,1.52,335.72,8.71,60,10.02,15.699999809265137,-4.03,4.03,4.03
2026-09-14,ELTK,4 pillars (no news),11:56,9.0,10.43,2.49,123.81,6.78,50,1.53,9.000100135803223,0.0,-0.0,-0.0
2026-09-14,VEEA,4 pillars (no news),12:06,2.0024,28.36,1.58,433.66,8.13,53,17.86,2.2799999713897705,13.86,-13.86,-13.86
2026-09-14,VCRE,4 pillars (no news),12:46,12.06,11.87,19.99,322.43,11.07,30,0.75,11.300000190734863,-6.3,6.3,6.3
2026-09-14,EUDA,4 pillars (no news),14:50,16.2502,20.82,1.76,464.83,5.17,60,3.08,16.30500030517578,0.34,-0.34,-0.34
2026-09-14,SPHL,4 pillars (no news),15:08,2.575,11.47,1.24,,5.14,60,0.0,2.3499999046325684,-8.74,8.74,8.74
2026-09-14,PTN,4 pillars (no news),15:42,13.15,11.44,1.49,942.03,9.08,60,4.79,13.329999923706056,1.37,-1.37,-1.37
2026-09-14,COE,4 pillars (no news),16:00,11.9,12.16,1.76,106.0,7.96,60,,,,,
2026-09-14,ARMP,5 pillars,07:10,6.17,14.68,11.9,0.17,,50,13.45,5.659999847412109,-8.27,8.27,8.27
2026-09-14,WPRT,5 pillars,10:49,2.03,10.33,15.74,4.32,5.36,35,0.99,1.957800030708313,-3.56,3.56,3.56
2026-09-14,VEEA,5 pillars,16:42,2.56,64.1,1.58,0.0,30.6,85,,,,,
2026-09-15,MYSZ,4 pillars (no news),04:00,2.4182,45.67,0.65,19.75,,53,36.47,2.309999942779541,-4.47,-20.0,4.47
2026-09-15,VEEA,4 pillars (no news),04:00,4.2288,84.66,1.58,10.37,,50,77.12,5.695000171661377,34.67,-20.0,-34.67
2026-09-15,PSIG,4 pillars (no news),04:30,2.8,10.24,7.79,756.17,,30,35.36,3.390000104904175,21.07,-20.0,-21.07
2026-09-15,NAMI,4 pillars (no news),06:28,2.1,16.67,0.75,139.17,,55,16.67,2.2750000953674316,8.33,-8.33,-8.33
2026-09-15,VRA,4 pillars (no news),08:02,3.39,11.51,18.88,0.03,,50,22.42,4.090000152587891,20.65,-20.0,-20.65
2026-09-15,BRNX,4 pillars (no news),08:35,3.0754,11.43,0.35,0.13,,85,11.21,2.7300000190734863,-11.23,11.23,11.23
2026-09-15,ERNA,4 pillars (no news),08:42,4.8,12.41,1.22,0.0,,85,4.58,4.090000152587891,-14.79,14.79,14.79
2026-09-15,ALAR,4 pillars (no news),08:52,2.44,11.42,7.06,1536.87,,30,0.82,2.2300000190734863,-8.61,8.61,8.61
2026-09-15,CLNN,4 pillars (no news),09:09,3.6642,11.71,9.7,0.15,,60,14.08,4.019999980926514,9.71,-9.71,-9.71
2026-09-15,INTJ,4 pillars (no news),09:32,3.3,15.38,0.78,,9.19,60,2.73,2.869999885559082,-13.03,13.03,13.03
2026-09-15,QXL,4 pillars (no news),09:41,4.8,11.63,14.01,2.15,9.44,45,5.21,4.829999923706055,0.62,-0.62,-0.62
2026-09-15,PTLE,4 pillars (no news),09:56,8.64,22.38,1.19,,9.33,60,21.41,7.5,-13.19,-20.0,13.19
2026-09-15,VNCE,4 pillars (no news),10:23,8.52,11.37,4.2,,6.38,50,0.94,8.390000343322754,-1.53,1.53,1.53
2026-09-15,BNGO,4 pillars (no news),10:38,2.07,55.64,10.64,25.63,280.43,20,7.73,1.5399999618530271,-25.6,25.6,25.6
2026-09-15,IPW,4 pillars (no news),11:20,2.4101,24.88,1.26,983.5,5.14,60,73.44,2.609999895095825,8.29,-20.0,-8.29
2026-09-15,MEDS,4 pillars (no news),13:20,2.4,177.46,1.27,4.83,17.75,60,60.42,1.6299999952316284,-32.08,-20.0,32.08
2026-09-15,HQ,4 pillars (no news),13:31,12.56,21.47,18.26,4.27,5.01,35,13.06,13.229999542236328,5.33,-5.33,-5.33
2026-09-15,UPLD,4 pillars (no news),16:00,3.75,20.19,2.13,286.14,5.16,50,,,,,
2026-09-15,MYSZ,5 pillars,04:00,2.4182,45.67,0.65,19.75,,53,36.47,2.309999942779541,-4.47,-20.0,4.47
2026-09-15,VEEA,5 pillars,04:00,4.2288,84.66,1.58,10.37,,50,77.12,5.695000171661377,34.67,-20.0,-34.67
2026-09-15,VRA,5 pillars,08:02,3.39,11.51,18.88,0.03,,50,22.42,4.090000152587891,20.65,-20.0,-20.65
2026-09-15,BRNX,5 pillars,08:35,3.0754,11.43,0.35,0.13,,85,11.21,2.7300000190734863,-11.23,11.23,11.23
2026-09-15,ERNA,5 pillars,08:42,4.8,12.41,1.22,0.0,,85,4.58,4.090000152587891,-14.79,14.79,14.79
2026-09-15,CLNN,5 pillars,09:09,3.6642,11.71,9.7,0.15,,60,14.08,4.019999980926514,9.71,-9.71,-9.71
2026-09-15,NAMI,5 pillars,09:31,2.01,11.67,0.75,0.52,123.12,100,15.87,2.2750000953674316,13.18,-13.18,-13.18
2026-09-15,QXL,5 pillars,09:41,4.8,11.63,14.01,2.15,9.44,45,5.21,4.829999923706055,0.62,-0.62,-0.62
2026-09-15,MEDS,5 pillars,13:20,2.4,177.46,1.27,4.83,17.75,60,60.42,1.6299999952316284,-32.08,-20.0,32.08
2026-09-15,HQ,5 pillars,13:31,12.56,21.47,18.26,4.27,5.01,35,13.06,13.229999542236328,5.33,-5.33,-5.33
2026-09-16,BYAH,4 pillars (no news),04:00,3.7997,38.68,0.54,,,48,3.96,2.3399999141693115,-38.42,38.42,38.42
2026-09-16,MGN,4 pillars (no news),04:00,5.655,46.12,0.87,161.5,,48,67.37,3.9839999675750737,-29.55,-20.0,29.55
2026-09-16,NAMI,4 pillars (no news),04:00,3.1,35.96,0.75,19.0,,53,28.39,3.119999885559082,0.65,-20.0,-0.65
2026-09-16,NICM,4 pillars (no news),04:00,6.42,20.9,14.96,159.43,,20,7.48,5.849999904632568,-8.88,8.88,8.88
2026-09-16,MEDS,4 pillars (no news),04:12,2.3767,46.71,1.27,11.04,,58,417.95,6.059999942779541,154.98,-20.0,-154.98
2026-09-16,ZTG,4 pillars (no news),07:07,2.17,222.44,4.08,163.62,,30,66.82,1.190000057220459,-45.16,-20.0,45.16
2026-09-16,RAYA,4 pillars (no news),08:00,2.6287,34.81,0.93,0.0,,78,4.99,2.0999999046325684,-20.11,20.11,20.11
2026-09-16,DLHC,4 pillars (no news),09:30,4.03,11.02,5.81,1.0,10.0,70,0.25,4.0,-0.74,0.74,0.74
2026-09-16,NRXS,4 pillars (no news),09:30,6.385,12.02,8.34,0.5,15.3,70,21.22,6.980000019073486,9.32,-20.0,-9.32
2026-09-16,VRA,4 pillars (no news),10:02,4.51,10.27,18.88,11.31,11.39,40,0.66,4.010000228881836,-11.09,11.09,11.09
2026-09-16,NCT,4 pillars (no news),11:19,8.4775,14.18,0.03,42.32,12.76,65,70.69,8.800000190734863,3.8,-20.0,-3.8
2026-09-16,QXL,4 pillars (no news),11:33,5.4,10.66,14.01,23.64,9.99,30,0.0,5.199999809265137,-3.7,3.7,3.7
2026-09-16,DLXY,4 pillars (no news),11:41,2.15,418.07,0.94,1.14,2799.6,75,106.98,2.0299999713897705,-5.58,-20.0,5.58
2026-09-16,TGL,4 pillars (no news),12:00,4.17,39.0,1.65,0.2,5.53,83,8.87,3.4800000190734863,-16.55,16.55,16.55
2026-09-16,QCLS,4 pillars (no news),12:32,2.0,353.51,7.9,2.03,610.84,50,8.0,0.9700000286102296,-51.5,51.5,51.5
2026-09-16,JDZG,4 pillars (no news),13:22,4.1501,11.56,0.41,1148.87,5.01,60,9.88,4.389900207519531,5.78,-5.78,-5.78
2026-09-16,HUHU,4 pillars (no news),13:58,4.1,10.22,8.25,35.63,5.54,35,0.73,4.019999980926514,-1.95,1.95,1.95
2026-09-16,JAGX,4 pillars (no news),14:12,3.8985,15.51,0.29,29.2,57.9,70,19.62,3.448500156402588,-11.54,11.54,11.54
2026-09-16,NAMI,5 pillars,04:00,3.1,35.96,0.75,19.0,,53,28.39,3.119999885559082,0.65,-20.0,-0.65
2026-09-16,MEDS,5 pillars,04:12,2.3767,46.71,1.27,11.04,,58,417.95,6.059999942779541,154.98,-20.0,-154.98
2026-09-16,RAYA,5 pillars,08:00,2.6287,34.81,0.93,0.0,,78,4.99,2.0999999046325684,-20.11,20.11,20.11
2026-09-16,DLHC,5 pillars,09:30,4.03,11.02,5.81,1.0,10.0,70,0.25,4.0,-0.74,0.74,0.74
2026-09-16,NRXS,5 pillars,09:30,6.385,12.02,8.34,0.5,15.3,70,21.22,6.980000019073486,9.32,-20.0,-9.32
2026-09-16,VRA,5 pillars,10:02,4.51,10.27,18.88,11.31,11.39,40,0.66,4.010000228881836,-11.09,11.09,11.09
2026-09-16,QXL,5 pillars,11:33,5.4,10.66,14.01,23.64,9.99,30,0.0,5.199999809265137,-3.7,3.7,3.7
2026-09-16,DLXY,5 pillars,11:41,2.15,418.07,0.94,1.14,2799.6,75,106.98,2.0299999713897705,-5.58,-20.0,5.58
2026-09-16,TGL,5 pillars,12:00,4.17,39.0,1.65,0.2,5.53,83,8.87,3.4800000190734863,-16.55,16.55,16.55
2026-09-16,QCLS,5 pillars,12:32,2.0,353.51,7.9,2.03,610.84,50,8.0,0.9700000286102296,-51.5,51.5,51.5
2026-09-16,MGN,5 pillars,18:32,4.281,10.62,0.87,8.03,489.76,80,,,,,
2026-09-17,DAIC,4 pillars (no news),04:00,3.31,64.68,1.85,524.79,,40,116.0,5.320000171661377,60.73,-20.0,-60.73
2026-09-17,DRK,4 pillars (no news),04:02,3.42,18.34,6.83,,,30,139.47,2.799999952316284,-18.13,-20.0,18.13
2026-09-17,RTB,4 pillars (no news),04:13,11.31,27.22,3.8,39.97,,38,2.89,8.710000038146973,-22.99,22.99,22.99
2026-09-17,HSCS,4 pillars (no news),04:38,4.171,10.05,3.1,43.22,,45,17.24,4.798900127410889,15.05,-15.05,-15.05
2026-09-17,SMXT,4 pillars (no news),05:16,2.1537,11.02,3.27,636.27,,45,8.63,2.2300000190734863,3.54,-3.54,-3.54
2026-09-17,AEMD,4 pillars (no news),06:30,2.9621,107.14,0.7,0.0,,70,372.64,6.75,127.88,-20.0,-127.88
2026-09-17,AKAN,4 pillars (no news),07:35,3.14,15.44,0.53,309.68,,55,23.25,2.9700000286102295,-5.41,-20.0,5.41
2026-09-17,BIAF,4 pillars (no news),08:00,6.3958,19.55,0.53,0.0,,85,71.99,8.829999923706055,38.06,-20.0,-38.06
2026-09-17,CETX,4 pillars (no news),08:30,2.7584,12.59,1.72,0.0,,85,8.76,2.2300000190734863,-19.16,19.16,19.16
2026-09-17,TURB,4 pillars (no news),08:33,2.0735,131.94,4.25,0.3,,60,90.98,1.3899999856948853,-32.96,-20.0,32.96
2026-09-17,WETO,4 pillars (no news),09:00,2.575,39.95,0.18,0.0,,78,37.48,1.850000023841858,-28.16,-20.0,28.16
2026-09-17,SECZ,4 pillars (no news),09:03,8.79,13.13,8.15,,,30,9.67,8.944999694824219,1.76,-1.76,-1.76
2026-09-17,ECOR,4 pillars (no news),09:34,11.81,10.89,5.98,169.57,8.89,35,0.34,11.390000343322754,-3.56,3.56,3.56
2026-09-17,QXL,4 pillars (no news),09:36,5.7,10.47,14.01,1.68,18.11,50,7.02,5.670000076293945,-0.53,0.53,0.53
2026-09-17,GWAV,4 pillars (no news),09:39,2.63,12.88,0.22,,9.58,60,32.7,2.9700000286102295,12.93,-20.0,-12.93
2026-09-17,NRXS,4 pillars (no news),09:44,7.72,11.24,8.34,24.73,7.76,35,4.4,7.670000076293945,-0.65,0.65,0.65
2026-09-17,DTSS,4 pillars (no news),11:19,2.04,245.18,9.23,0.99,183.99,60,12.25,1.215000033378601,-40.44,40.44,40.44
2026-09-17,PAAI,4 pillars (no news),11:35,2.085,131.67,13.14,363.08,40.87,20,66.43,3.3399999141693115,60.19,-20.0,-60.19
2026-09-17,XBIO,4 pillars (no news),11:42,2.46,12.33,1.89,20.81,11.3,70,0.0,2.45989990234375,-0.0,0.0,0.0
2026-09-17,TRVG,4 pillars (no news),16:00,6.67,19.32,9.51,311.97,5.38,35,,,,,
2026-09-17,AEMD,5 pillars,06:30,2.9621,107.14,0.7,0.0,,70,372.64,6.75,127.88,-20.0,-127.88
2026-09-17,RTB,5 pillars,07:24,10.733,20.73,3.8,0.06,,75,8.43,8.710000038146973,-18.85,18.85,18.85
2026-09-17,BIAF,5 pillars,08:00,6.3958,19.55,0.53,0.0,,85,71.99,8.829999923706055,38.06,-20.0,-38.06
2026-09-17,CETX,5 pillars,08:30,2.7584,12.59,1.72,0.0,,85,8.76,2.2300000190734863,-19.16,19.16,19.16
2026-09-17,TURB,5 pillars,08:33,2.0735,131.94,4.25,0.3,,60,90.98,1.3899999856948853,-32.96,-20.0,32.96
2026-09-17,WETO,5 pillars,09:00,2.575,39.95,0.18,0.0,,78,37.48,1.850000023841858,-28.16,-20.0,28.16
2026-09-17,QXL,5 pillars,09:36,5.7,10.47,14.01,1.68,18.11,50,7.02,5.670000076293945,-0.53,0.53,0.53
2026-09-17,DTSS,5 pillars,11:19,2.04,245.18,9.23,0.99,183.99,60,12.25,1.215000033378601,-40.44,40.44,40.44
2026-09-17,XBIO,5 pillars,11:42,2.46,12.33,1.89,20.81,11.3,70,0.0,2.45989990234375,-0.0,0.0,0.0
2026-09-18,CPOP,4 pillars (no news),04:00,4.49,20.7,0.32,204.0,,55,33.18,4.179999828338623,-6.9,-20.0,6.9
2026-09-18,SLMT,4 pillars (no news),04:00,3.32,13.31,3.56,1387.53,,45,13.69,3.2899999618530273,-0.9,0.9,0.9
2026-09-18,SSM,4 pillars (no news),04:00,2.2496,54.08,0.63,398.46,,40,41.8,1.4850000143051147,-33.99,-20.0,33.99
2026-09-18,IMCC,4 pillars (no news),04:02,2.0,14.94,0.36,371.87,,55,332.5,4.20419979095459,110.21,-20.0,-110.21
2026-09-18,SECZ,4 pillars (no news),04:04,9.92,11.09,8.15,,,30,11.59,10.90999984741211,9.98,-9.98,-9.98
2026-09-18,JAGX,4 pillars (no news),05:20,3.03,10.18,0.29,68.33,,55,4.29,2.7100000381469727,-10.56,10.56,10.56
2026-09-18,APUS,4 pillars (no news),05:45,2.0,19.76,1.51,,,55,33.85,1.7599999904632568,-12.0,-20.0,12.0
2026-09-18,AKAN,4 pillars (no news),06:12,3.2944,12.05,0.53,332.3,,55,13.83,3.200000047683716,-2.87,2.87,2.87
2026-09-18,FTCI,4 pillars (no news),07:07,2.39,12.21,11.42,71.12,,20,14.25,2.305000066757202,-3.56,3.56,3.56
2026-09-18,BSEM,4 pillars (no news),07:31,4.85,11.24,14.11,0.52,,50,10.31,4.675000190734863,-3.61,3.61,3.61
2026-09-18,SVRN,4 pillars (no news),07:37,16.03,12.97,0.61,241.33,,55,28.63,20.149999618530273,25.7,-20.0,-25.7
2026-09-18,TNMG,4 pillars (no news),07:52,2.99,11.15,0.24,0.37,,85,134.11,3.875,29.6,-20.0,-29.6
2026-09-18,MGN,4 pillars (no news),08:13,4.27,14.78,0.87,45.71,,55,31.38,3.910000085830689,-8.43,-20.0,8.43
2026-09-18,SKIL,4 pillars (no news),09:30,7.2,13.74,4.58,49.93,7.14,50,0.0,6.25,-13.19,13.19,13.19
2026-09-18,XRTX,4 pillars (no news),09:31,2.0,20.48,1.79,1.43,71.84,90,32.5,1.950000047683716,-2.5,-20.0,2.5
2026-09-18,TAOX,4 pillars (no news),09:40,4.5,10.29,7.32,,11.72,40,5.78,4.579999923706055,1.78,-1.78,-1.78
2026-09-18,AMCI,4 pillars (no news),10:30,3.829,14.3,4.72,2.0,17.1,75,0.76,3.3499999046325684,-12.51,12.51,12.51
2026-09-18,CSBR,4 pillars (no news),10:36,5.64,11.02,6.12,71.4,7.42,35,0.0,5.139999866485596,-8.87,8.87,8.87
2026-09-18,XBP,4 pillars (no news),11:18,3.56,11.95,3.52,363.3,5.48,50,10.96,3.5299999713897705,-0.84,0.84,0.84
2026-09-18,NCI,4 pillars (no news),12:15,14.62,10.01,0.48,46.25,8.52,60,2.39,13.9350004196167,-4.69,4.69,4.69
2026-09-18,ZTG,4 pillars (no news),12:18,2.0201,68.34,4.08,216.8,6.52,35,18.31,1.8200000524520872,-9.91,9.91,9.91
2026-09-18,PRPL,4 pillars (no news),14:35,2.645,11.37,2.26,26.65,5.96,50,24.76,3.1628000736236572,19.58,-20.0,-19.58
2026-09-18,HIND,4 pillars (no news),16:01,2.1624,10.33,3.65,104.02,12.6,55,,,,,
2026-09-18,SPRU,4 pillars (no news),17:52,2.01,23.31,14.92,368.98,5.26,25,,,,,
2026-09-18,BSEM,5 pillars,07:31,4.85,11.24,14.11,0.52,,50,10.31,4.675000190734863,-3.61,3.61,3.61
2026-09-18,TNMG,5 pillars,07:52,2.99,11.15,0.24,0.37,,85,134.11,3.875,29.6,-20.0,-29.6
2026-09-18,XRTX,5 pillars,09:31,2.0,20.48,1.79,1.43,71.84,90,32.5,1.950000047683716,-2.5,-20.0,2.5
2026-09-18,AMCI,5 pillars,10:30,3.829,14.3,4.72,2.0,17.1,75,0.76,3.3499999046325684,-12.51,12.51,12.51
2026-09-18,IMCC,5 pillars,10:31,7.14,310.34,0.36,0.01,2819.27,85,7.84,4.20419979095459,-41.12,41.12,41.12
2026-09-18,FTCI,5 pillars,12:18,2.4,12.68,11.42,0.01,17.05,60,4.17,2.305000066757202,-3.96,3.96,3.96
2026-09-18,PRPL,5 pillars,16:09,3.19,34.32,2.26,0.01,10.74,78,,,,,
2026-09-21,AVX,4 pillars (no news),04:00,4.3,10.54,4.55,474.85,,45,14.42,4.400000095367432,2.33,-2.33,-2.33
2026-09-21,GRML,4 pillars (no news),04:00,6.2687,119.95,3.05,,,30,86.32,9.40999984741211,50.11,-20.0,-50.11
2026-09-21,SLMT,4 pillars (no news),04:00,3.59,10.12,3.56,1459.53,,45,13.37,3.990000009536743,11.14,-11.14,-11.14
2026-09-21,SPRU,4 pillars (no news),04:00,2.14,12.04,14.92,427.12,,20,11.68,2.0399999618530273,-4.67,4.67,4.67
2026-09-21,VEEE,4 pillars (no news),04:00,11.19,30.42,0.52,1580.88,,48,104.19,17.185300827026367,53.58,-20.0,-53.58
2026-09-21,PHOS,4 pillars (no news),04:48,19.58,23.92,15.07,,,20,2.15,16.864999771118164,-13.87,13.87,13.87
2026-09-21,LGHL,4 pillars (no news),04:56,8.8,11.39,0.02,324.77,,55,31.36,8.460000038146973,-3.86,-20.0,3.86
2026-09-21,TAOX,4 pillars (no news),05:09,5.28,15.54,7.32,,,30,1.33,4.789999961853027,-9.28,9.28,9.28
2026-09-21,SONM,4 pillars (no news),06:14,3.88,12.14,1.23,781.8,,55,8.24,4.050000190734863,4.38,-4.38,-4.38
2026-09-21,HUBC,4 pillars (no news),06:21,5.5,19.57,1.45,261.85,,55,16.55,6.010000228881836,9.27,-9.27,-9.27
2026-09-21,SECZ,4 pillars (no news),07:12,11.95,10.04,8.15,,,30,16.53,13.470000267028809,12.72,-12.72,-12.72
2026-09-21,RGNT,4 pillars (no news),07:25,2.0,10.5,4.26,69.17,,45,24.0,2.200000047683716,10.0,-20.0,-10.0
2026-09-21,OPTX,4 pillars (no news),07:53,7.59,11.78,10.27,0.27,,50,12.78,7.889999866485596,3.95,-3.95,-3.95
2026-09-21,AMCI,4 pillars (no news),08:44,3.69,10.15,4.72,0.23,,75,8.13,3.3399999141693115,-9.49,9.49,9.49
2026-09-21,STI,4 pillars (no news),19:29,7.65,12.33,2.9,13.48,49.87,65,,,,,
2026-09-21,OPTX,5 pillars,07:53,7.59,11.78,10.27,0.27,,50,12.78,7.889999866485596,3.95,-3.95,-3.95
2026-09-21,AMCI,5 pillars,08:44,3.69,10.15,4.72,0.23,,75,8.13,3.3399999141693115,-9.49,9.49,9.49
2026-09-21,STI,5 pillars,19:29,7.65,12.33,2.9,13.48,49.87,65,,,,,
2026-09-22,STI,4 pillars (no news),04:00,9.44,30.03,2.9,22.0,,43,16.53,6.860000133514404,-27.33,27.33,27.33
2026-09-22,GRML,4 pillars (no news),04:02,10.46,11.04,3.05,,,45,74.09,14.123600006103516,35.02,-20.0,-35.02
2026-09-22,UTSI,4 pillars (no news),04:13,2.56,17.97,3.27,22.22,,50,16.41,2.4700000286102295,-3.52,3.52,3.52
2026-09-22,GURE,4 pillars (no news),04:15,3.93,19.45,1.39,587.33,,55,22.65,3.5899999141693115,-8.65,-20.0,8.65
2026-09-22,IMCC,4 pillars (no news),05:02,3.6,16.69,0.36,90.53,,55,78.89,4.144499778747559,15.12,-20.0,-15.12
2026-09-22,AKAN,4 pillars (no news),05:19,3.39,10.78,0.53,427.41,,55,18.29,3.1800999641418457,-6.19,6.19,6.19
2026-09-22,GDC,4 pillars (no news),06:21,2.07,41.78,4.09,534.35,,38,3.38,1.6100000143051147,-22.22,22.22,22.22
2026-09-22,NCT,4 pillars (no news),07:15,6.33,11.05,0.03,182.25,,55,126.07,5.875,-7.19,-20.0,7.19
2026-09-22,ILAG,4 pillars (no news),07:25,3.4005,19.44,0.99,,,55,0.28,2.960099935531616,-12.95,12.95,12.95
2026-09-22,DCOY,4 pillars (no news),07:30,3.0,17.19,0.59,0.0,,85,153.67,3.099400043487549,3.31,-20.0,-3.31
2026-09-22,JAGX,4 pillars (no news),09:10,3.03,13.48,0.29,0.08,,85,1270.63,34.0,1022.11,-20.0,-1022.11
2026-09-22,LNAI,4 pillars (no news),09:20,2.79,21.3,2.87,0.0,,75,0.0,2.2200000286102295,-20.43,20.43,20.43
2026-09-22,CNSY,4 pillars (no news),09:55,2.1,10.53,7.5,2.42,6.2,55,0.0,2.0450000762939453,-2.62,2.62,2.62
2026-09-22,SLMT,4 pillars (no news),10:14,4.4,10.28,3.56,1489.77,6.09,50,3.18,4.239999771118164,-3.64,3.64,3.64
2026-09-22,GOAI,4 pillars (no news),10:52,2.24,28.0,10.26,122.62,7.47,18,7.14,2.115000009536743,-5.58,5.58,5.58
2026-09-22,JTAI,4 pillars (no news),11:25,2.0399,37.83,3.36,818.92,14.39,48,18.63,1.7999999523162842,-11.76,11.76,11.76
2026-09-22,FIRY,4 pillars (no news),12:55,12.92,20.75,8.98,172.17,5.02,35,4.49,12.640000343322754,-2.17,2.17,2.17
2026-09-22,STI,5 pillars,04:00,9.44,30.03,2.9,22.0,,43,16.53,6.860000133514404,-27.33,27.33,27.33
2026-09-22,UTSI,5 pillars,04:13,2.56,17.97,3.27,22.22,,50,16.41,2.4700000286102295,-3.52,3.52,3.52
2026-09-22,DCOY,5 pillars,07:30,3.0,17.19,0.59,0.0,,85,153.67,3.099400043487549,3.31,-20.0,-3.31
2026-09-22,JAGX,5 pillars,09:10,3.03,13.48,0.29,0.08,,85,1270.63,34.0,1022.11,-20.0,-1022.11
2026-09-22,LNAI,5 pillars,09:20,2.79,21.3,2.87,0.0,,75,0.0,2.2200000286102295,-20.43,20.43,20.43
2026-09-22,GDC,5 pillars,09:44,2.095,43.49,4.09,2.42,62.7,73,2.15,1.6100000143051147,-23.15,23.15,23.15
2026-09-22,CNSY,5 pillars,09:55,2.1,10.53,7.5,2.42,6.2,55,0.0,2.0450000762939453,-2.62,2.62,2.62
2026-09-23,DCOY,4 pillars (no news),04:00,3.89,25.48,0.59,9.77,,58,34.19,3.830100059509278,-1.54,-20.0,1.54
2026-09-23,GRML,4 pillars (no news),04:00,17.0,20.14,3.05,,,45,28.82,11.19499969482422,-34.15,-20.0,34.15
2026-09-23,HAO,4 pillars (no news),04:00,3.5303,23.87,0.62,1004.0,,55,13.87,3.1600000858306885,-10.49,10.49,10.49
2026-09-23,VBIO,4 pillars (no news),04:00,2.78,11.65,0.88,20.0,,60,18.35,2.759999990463257,-0.72,0.72,0.72
2026-09-23,WHLR,4 pillars (no news),04:00,4.2787,128.81,0.05,1139.38,,40,103.57,5.460000038146973,27.61,-20.0,-27.61
2026-09-23,XCH,4 pillars (no news),04:00,3.51,15.46,1.29,44.5,,55,7.98,3.1600000858306885,-9.97,9.97,9.97
2026-09-23,LXEH,4 pillars (no news),04:14,2.11,54.01,1.75,,,40,59.72,1.5499999523162842,-26.54,-20.0,26.54
2026-09-23,GNPX,4 pillars (no news),04:26,3.9038,10.28,0.82,356.43,,55,7.59,3.7599000930786137,-3.69,3.69,3.69
2026-09-23,PBM,4 pillars (no news),06:39,6.8009,11.49,2.61,46.52,,45,5.87,6.300000190734863,-7.37,7.37,7.37
2026-09-23,ARTL,4 pillars (no news),07:33,5.4299,30.84,0.51,0.0,,78,189.69,7.300000190734863,34.44,-20.0,-34.44
2026-09-23,BENF,4 pillars (no news),08:04,2.1299,295.89,1.56,0.57,,70,47.42,2.869999885559082,34.75,-20.0,-34.75
2026-09-23,MSS,4 pillars (no news),08:54,2.54,62.82,0.39,351.65,,40,24.8,2.0999999046325684,-17.32,-20.0,17.32
2026-09-23,SPHL,4 pillars (no news),09:31,2.5699,16.81,1.24,,9.03,60,0.0,2.305999994277954,-10.27,10.27,10.27
2026-09-23,HCTI,4 pillars (no news),09:41,2.02,133.53,14.97,0.4,65.19,50,55.94,0.9128999710083008,-54.81,-20.0,54.81
2026-09-23,WLDS,4 pillars (no news),12:43,2.02,27.85,2.1,3.97,5.15,63,6.44,1.6100000143051147,-20.3,20.3,20.3
2026-09-23,TRNR,4 pillars (no news),13:00,3.2575,10.05,1.13,0.0,8.94,90,11.44,2.6500000953674316,-18.65,18.65,18.65
2026-09-23,VSA,4 pillars (no news),13:36,2.51,26.77,0.62,,5.95,53,183.67,3.660000085830689,45.82,-20.0,-45.82
2026-09-23,KOSS,4 pillars (no news),13:51,3.915,11.86,5.51,505.22,5.32,35,10.6,3.9790000915527344,1.63,-1.63,-1.63
2026-09-23,XXII,4 pillars (no news),15:50,2.09,15.47,0.5,535.83,8.59,60,24.4,2.3427000045776367,12.09,-20.0,-12.09
2026-09-23,DCOY,5 pillars,04:00,3.89,25.48,0.59,9.77,,58,34.19,3.830100059509278,-1.54,-20.0,1.54
2026-09-23,VBIO,5 pillars,04:00,2.78,11.65,0.88,20.0,,60,18.35,2.759999990463257,-0.72,0.72,0.72
2026-09-23,ARTL,5 pillars,07:33,5.4299,30.84,0.51,0.0,,78,189.69,7.300000190734863,34.44,-20.0,-34.44
2026-09-23,BENF,5 pillars,08:04,2.1299,295.89,1.56,0.57,,70,47.42,2.869999885559082,34.75,-20.0,-34.75
2026-09-23,HCTI,5 pillars,09:41,2.02,133.53,14.97,0.4,65.19,50,55.94,0.9128999710083008,-54.81,-20.0,54.81
2026-09-23,PBM,5 pillars,09:49,6.7465,10.6,2.61,2.82,10.6,75,6.51,6.300000190734863,-6.62,6.62,6.62
2026-09-23,MSS,5 pillars,10:49,2.05,31.41,0.39,0.31,47.39,93,43.9,2.0999999046325684,2.44,-20.0,-2.44
2026-09-23,WLDS,5 pillars,12:43,2.02,27.85,2.1,3.97,5.15,63,6.44,1.6100000143051147,-20.3,20.3,20.3
2026-09-23,TRNR,5 pillars,13:00,3.2575,10.05,1.13,0.0,8.94,90,11.44,2.6500000953674316,-18.65,18.65,18.65
2026-09-24,DKI,4 pillars (no news),04:00,2.92,13.18,0.37,971.92,,55,0.0,2.9000000953674316,-0.68,0.68,0.68
2026-09-24,GCTK,4 pillars (no news),04:00,4.4681,120.1,0.64,11.5,,50,13.02,2.579900026321411,-42.26,42.26,42.26
2026-09-24,GRML,4 pillars (no news),04:00,12.9976,16.15,3.05,,,45,23.1,14.869999885559082,14.41,-20.0,-14.41
2026-09-24,SPHL,4 pillars (no news),04:00,5.3983,134.1,1.24,,,40,10.59,3.1600000858306885,-41.46,41.46,41.46
2026-09-24,WETO,4 pillars (no news),04:00,2.5932,78.84,0.18,161.63,,40,4.5,1.8949999809265137,-26.92,26.92,26.92
2026-09-24,SRZN,4 pillars (no news),07:19,18.05,11.7,3.48,380.64,,45,98.67,33.63999938964844,86.37,-20.0,-86.37
2026-09-24,PFSA,4 pillars (no news),07:30,3.0757,50.03,0.52,0.0,,70,47.93,3.0299999713897705,-1.49,-20.0,1.49
2026-09-24,SKYQ,4 pillars (no news),07:49,2.8831,13.51,8.17,0.07,,60,20.7,2.9149999618530273,1.11,-20.0,-1.11
2026-09-24,VBIO,4 pillars (no news),08:12,3.12,14.29,0.88,24.2,,55,55.77,3.5099000930786133,12.5,-20.0,-12.5
2026-09-24,APUS,4 pillars (no news),08:33,2.93,27.95,1.51,,,48,198.29,5.039999961853027,72.01,-20.0,-72.01
2026-09-24,SECZ,4 pillars (no news),09:34,16.01,11.49,8.15,,5.25,35,3.44,16.5,3.06,-3.06,-3.06
2026-09-24,QNTM,4 pillars (no news),09:55,4.3,10.82,7.63,1.92,7.12,55,0.0,4.0,-6.98,6.98,6.98
2026-09-24,NTRB,4 pillars (no news),10:00,8.2462,12.19,5.28,50.0,5.05,35,9.14,8.970000267028809,8.78,-8.78,-8.78
2026-09-24,AVX,4 pillars (no news),10:01,4.6999,14.63,4.55,552.87,10.31,55,16.81,5.460000038146973,16.17,-16.17,-16.17
2026-09-24,HCWB,4 pillars (no news),10:03,2.38,43.37,1.65,1.63,5.25,73,31.09,1.9900000095367432,-16.39,-20.0,16.39
2026-09-24,PMAX,4 pillars (no news),10:08,2.81,207.44,1.02,1244.64,45.32,55,2.13,1.649899959564209,-41.28,41.28,41.28
2026-09-24,YMAT,4 pillars (no news),10:47,2.0399,59.37,0.66,1323.0,69.62,55,3.93,1.4199999570846558,-30.39,30.39,30.39
2026-09-24,IFBD,4 pillars (no news),10:54,2.07,109.94,8.19,,607.97,30,0.0,1.1699999570846558,-43.48,43.48,43.48
2026-09-24,AIFA,4 pillars (no news),11:18,3.8845,10.04,3.88,362.72,5.13,50,8.12,4.130000114440918,6.32,-6.32,-6.32
2026-09-24,ATGL,4 pillars (no news),11:22,6.47,16.58,14.86,,5.72,25,11.75,6.369999885559082,-1.55,1.55,1.55
2026-09-24,KOSS,4 pillars (no news),11:37,4.44,12.41,5.51,526.98,15.51,40,0.0,4.167399883270264,-6.14,6.14,6.14
2026-09-24,FOFO,4 pillars (no news),14:04,2.08,18.18,3.87,393.57,5.25,50,39.42,2.4100000858306885,15.87,-20.0,-15.87
2026-09-24,YDES,4 pillars (no news),14:51,4.85,50.15,16.19,1062.85,5.09,10,11.55,4.75,-2.06,2.06,2.06
2026-09-24,GCTK,5 pillars,04:00,4.4681,120.1,0.64,11.5,,50,13.02,2.579900026321411,-42.26,42.26,42.26
2026-09-24,PFSA,5 pillars,07:30,3.0757,50.03,0.52,0.0,,70,47.93,3.0299999713897705,-1.49,-20.0,1.49
2026-09-24,SKYQ,5 pillars,07:49,2.8831,13.51,8.17,0.07,,60,20.7,2.9149999618530273,1.11,-20.0,-1.11
2026-09-24,QNTM,5 pillars,09:55,4.3,10.82,7.63,1.92,7.12,55,0.0,4.0,-6.98,6.98,6.98
2026-09-24,HCWB,5 pillars,10:03,2.38,43.37,1.65,1.63,5.25,73,31.09,1.9900000095367432,-16.39,-20.0,16.39
2026-09-24,PMAX,5 pillars,10:31,2.165,136.87,1.02,0.01,257.14,85,32.56,1.649899959564209,-23.79,-20.0,23.79
2026-09-24,GRML,5 pillars,12:30,15.31,36.82,3.05,0.0,5.68,73,2.55,14.869999885559082,-2.87,2.87,2.87
2026-09-24,APUS,5 pillars,13:47,5.2586,129.63,1.51,0.01,750.61,85,7.63,5.039999961853027,-4.16,4.16,4.16
2026-09-25,INLF,4 pillars (no news),04:00,5.3789,82.34,0.95,11.5,,50,30.88,5.149899959564209,-4.26,-20.0,4.26
2026-09-25,BYAH,4 pillars (no news),04:04,3.5,21.95,0.54,,,55,10.57,2.839900016784668,-18.86,18.86,18.86
2026-09-25,LONA,4 pillars (no news),04:04,5.79,16.03,4.73,525.07,,45,0.27,3.2300000190734863,-44.21,44.21,44.21
2026-09-25,WHLR,4 pillars (no news),04:07,4.19,12.03,0.05,1187.5,,55,63.96,5.25,25.3,-20.0,-25.3
2026-09-25,JAGX,4 pillars (no news),04:42,7.7752,10.13,0.29,18.31,,60,55.62,7.739999771118164,-0.45,-20.0,0.45
2026-09-25,STEM,4 pillars (no news),05:07,4.35,11.54,9.27,38.95,,30,7.35,4.5,3.45,-3.45,-3.45
2026-09-25,APUS,4 pillars (no news),05:09,5.45,10.77,1.51,15.37,,60,67.71,7.201200008392334,32.13,-20.0,-32.13
2026-09-25,MSGY,4 pillars (no news),07:32,2.19,11.17,0.81,1033.53,,55,421.46,8.09000015258789,269.41,-20.0,-269.41
2026-09-25,LFS,4 pillars (no news),08:33,2.61,22.82,5.79,0.05,,60,3.07,2.140000104904175,-18.01,18.01,18.01
2026-09-25,PDC,4 pillars (no news),09:14,3.9898,10.83,5.45,218.15,,30,0.01,3.2799999713897705,-17.79,17.79,17.79
2026-09-25,CNET,4 pillars (no news),09:31,2.07,51.09,3.03,736.88,290.73,45,38.65,1.7699999809265137,-14.49,-20.0,14.49
2026-09-25,ELPW,4 pillars (no news),10:22,2.95,10.07,0.03,1083.21,5.38,60,65.42,3.190000057220459,8.14,-20.0,-8.14
2026-09-25,DTST,4 pillars (no news),10:52,3.16,10.88,1.98,999.86,9.81,60,12.34,3.2100000381469727,1.58,-1.58,-1.58
2026-09-25,TDIC,4 pillars (no news),11:36,2.58,30.96,2.08,,5.45,43,55.04,3.1500000953674316,22.09,-20.0,-22.09
2026-09-25,CNF,4 pillars (no news),12:32,2.07,10.7,4.88,668.45,5.57,50,0.0,1.9800000190734863,-4.35,4.35,4.35
2026-09-25,THH,4 pillars (no news),12:33,2.28,45.22,2.27,603.05,10.72,48,12.71,1.690000057220459,-25.88,25.88,25.88
2026-09-25,SHMD,4 pillars (no news),12:42,4.4138,21.93,13.55,689.88,5.02,25,13.51,4.375,-0.88,0.88,0.88
2026-09-25,QH,4 pillars (no news),12:53,4.44,12.69,0.69,,6.26,60,18.01,3.849999904632568,-13.29,13.29,13.29
2026-09-25,SLMT,4 pillars (no news),13:15,4.625,23.01,3.56,1564.78,5.07,50,3.57,4.769999980926514,3.14,-3.14,-3.14
2026-09-25,WATR,4 pillars (no news),13:44,2.11,19.89,0.02,,5.48,60,4.27,1.875,-11.14,11.14,11.14
2026-09-25,AIFF,4 pillars (no news),15:50,2.09,75.63,14.16,5.33,269.25,30,1.91,2.015000104904175,-3.59,3.59,3.59
2026-09-25,INLF,5 pillars,04:00,5.3789,82.34,0.95,11.5,,50,30.88,5.149899959564209,-4.26,-20.0,4.26
2026-09-25,JAGX,5 pillars,04:42,7.7752,10.13,0.29,18.31,,60,55.62,7.739999771118164,-0.45,-20.0,0.45
2026-09-25,APUS,5 pillars,05:09,5.45,10.77,1.51,15.37,,60,67.71,7.201200008392334,32.13,-20.0,-32.13
2026-09-25,STEM,5 pillars,07:12,4.38,12.31,9.27,0.01,,60,6.62,4.5,2.74,-2.74,-2.74
2026-09-25,LFS,5 pillars,08:33,2.61,22.82,5.79,0.05,,60,3.07,2.140000104904175,-18.01,18.01,18.01
2026-09-25,MSGY,5 pillars,10:31,2.64,34.01,0.81,0.01,203.3,93,332.58,8.09000015258789,206.44,-20.0,-206.44
2026-09-25,AIFF,5 pillars,15:50,2.09,75.63,14.16,5.33,269.25,30,1.91,2.015000104904175,-3.59,3.59,3.59
2026-09-28,CLRO,4 pillars (no news),04:00,5.7094,65.49,0.89,,,40,27.85,5.085000038146973,-10.94,-20.0,10.94
2026-09-28,CSAI,4 pillars (no news),04:00,3.96,12.18,0.84,91.5,,55,29.29,2.5,-36.87,-20.0,36.87
2026-09-28,INTJ,4 pillars (no news),04:00,3.14,16.3,0.78,,,55,10.51,3.0,-4.46,4.46,4.46
2026-09-28,SHMD,4 pillars (no news),04:00,4.8981,12.08,13.55,753.18,,20,4.12,4.369999885559082,-10.78,10.78,10.78
2026-09-28,MEDS,4 pillars (no news),06:01,3.4595,11.24,1.27,0.02,,85,40.77,3.809999942779541,10.13,-20.0,-10.13
2026-09-28,SONM,4 pillars (no news),06:44,4.5,14.94,1.23,950.3,,55,0.0,4.349999904632568,-3.33,3.33,3.33
2026-09-28,SCYX,4 pillars (no news),07:30,6.47,47.38,7.35,0.0,,53,4.63,4.653800010681152,-28.07,28.07,28.07
2026-09-28,LINK,4 pillars (no news),07:31,6.32,13.87,5.78,,,30,2.85,5.929999828338623,-6.17,6.17,6.17
2026-09-28,ROC,4 pillars (no news),08:01,4.7,16.05,19.08,0.02,,50,0.0,4.284999847412109,-8.83,8.83,8.83
2026-09-28,LABT,4 pillars (no news),08:04,2.5003,49.72,0.85,0.03,,78,50.78,1.1299999952316284,-54.81,-20.0,54.81
2026-09-28,MSGY,4 pillars (no news),08:39,9.0592,12.26,0.81,70.14,,55,4.87,3.1500000953674316,-65.23,65.23,65.23
2026-09-28,NAMI,4 pillars (no news),09:01,2.0373,28.13,0.75,0.02,,78,39.4,2.23009991645813,9.46,-20.0,-9.46
2026-09-28,NTRB,4 pillars (no news),09:43,8.8,10.0,5.28,73.72,5.15,35,1.93,8.255000114440918,-6.19,6.19,6.19
2026-09-28,LFCR,4 pillars (no news),09:55,6.5301,55.48,19.34,0.42,6.11,40,1.77,6.53000020980835,-0.0,0.0,0.0
2026-09-28,RDNW,4 pillars (no news),09:57,6.69,10.4,13.99,0.62,5.6,55,4.02,6.199999809265137,-7.32,7.32,7.32
2026-09-28,ELAB,4 pillars (no news),10:11,5.0508,10.52,0.76,242.18,9.87,60,10.08,4.78000020980835,-5.36,5.36,5.36
2026-09-28,EGG,4 pillars (no news),10:25,4.32,54.29,8.26,,11.12,25,44.21,4.210000038146973,-2.55,-20.0,2.55
2026-09-28,NTWK,4 pillars (no news),12:25,5.44,11.02,8.98,1.37,19.44,60,0.37,5.309999942779541,-2.39,2.39,2.39
2026-09-28,BNKK,4 pillars (no news),13:12,2.0,30.72,5.16,412.2,24.89,38,11.0,1.8700000047683716,-6.5,6.5,6.5
2026-09-28,WYY,4 pillars (no news),15:44,6.03,10.24,8.61,73.14,12.03,40,0.0,5.835000038146973,-3.23,3.23,3.23
2026-09-28,MEDS,5 pillars,06:01,3.4595,11.24,1.27,0.02,,85,40.77,3.809999942779541,10.13,-20.0,-10.13
2026-09-28,SHMD,5 pillars,07:29,4.9,12.13,13.55,0.08,,50,3.47,4.369999885559082,-10.82,10.82,10.82
2026-09-28,SCYX,5 pillars,07:30,6.47,47.38,7.35,0.0,,53,4.63,4.653800010681152,-28.07,28.07,28.07
2026-09-28,ROC,5 pillars,08:01,4.7,16.05,19.08,0.02,,50,0.0,4.284999847412109,-8.83,8.83,8.83
2026-09-28,LABT,5 pillars,08:04,2.5003,49.72,0.85,0.03,,78,50.78,1.1299999952316284,-54.81,-20.0,54.81
2026-09-28,NAMI,5 pillars,09:01,2.0373,28.13,0.75,0.02,,78,39.4,2.23009991645813,9.46,-20.0,-9.46
2026-09-28,LFCR,5 pillars,09:55,6.5301,55.48,19.34,0.42,6.11,40,1.77,6.53000020980835,-0.0,0.0,0.0
2026-09-28,RDNW,5 pillars,09:57,6.69,10.4,13.99,0.62,5.6,55,4.02,6.199999809265137,-7.32,7.32,7.32
2026-09-28,NTWK,5 pillars,12:25,5.44,11.02,8.98,1.37,19.44,60,0.37,5.309999942779541,-2.39,2.39,2.39
2026-09-29,BKYI,4 pillars (no news),04:00,2.62,55.95,1.34,0.5,,70,77.86,3.1301000118255615,19.47,-20.0,-19.47
2026-09-29,EGG,4 pillars (no news),04:00,6.74,58.59,8.26,,,15,94.51,4.75,-29.53,-20.0,29.53
2026-09-29,XRPN,4 pillars (no news),04:00,11.9127,12.65,19.14,,,20,42.7,12.899999618530272,8.29,-20.0,-8.29
2026-09-29,YMT,4 pillars (no news),04:00,2.31,30.51,0.06,,,48,34.63,1.7999999523162842,-22.08,-20.0,22.08
2026-09-29,HTLM,4 pillars (no news),04:06,2.22,26.86,4.67,827.07,,38,1.35,1.939900040626526,-12.62,12.62,12.62
2026-09-29,NXL,4 pillars (no news),04:18,4.8,12.41,0.55,427.3,,55,10.62,4.420000076293945,-7.92,7.92,7.92
2026-09-29,MSGY,4 pillars (no news),06:04,3.4921,11.57,0.81,16.98,,60,48.91,4.440000057220459,27.14,-20.0,-27.14
2026-09-29,ATCX,4 pillars (no news),07:02,3.23,10.24,5.08,1679.03,,30,7.89,3.0,-7.12,7.12,7.12
2026-09-29,SSTI,4 pillars (no news),07:35,8.07,47.53,7.05,0.0,,53,8.43,8.21500015258789,1.8,-1.8,-1.8
2026-09-29,WW,4 pillars (no news),08:34,16.64,10.71,6.92,0.57,,60,13.61,17.184999465942383,3.28,-3.28,-3.28
2026-09-29,QMLS,4 pillars (no news),09:08,8.13,13.55,18.4,0.0,,50,6.4,6.539999961853027,-19.56,19.56,19.56
2026-09-29,LONA,4 pillars (no news),09:42,3.2099,11.84,4.73,626.7,10.77,55,16.82,3.559999942779541,10.91,-10.91,-10.91
2026-09-29,FTCI,4 pillars (no news),10:04,2.655,11.55,11.42,0.02,7.01,55,1.69,2.138700008392334,-19.45,19.45,19.45
2026-09-29,DXST,4 pillars (no news),10:06,3.95,102.56,1.0,0.6,9.55,75,44.3,3.0350000858306885,-23.16,-20.0,23.16
2026-09-29,PFSA,4 pillars (no news),10:53,2.1099,24.85,0.52,119.87,5.02,60,12.31,2.244999885559082,6.4,-6.4,-6.4
2026-09-29,WYY,4 pillars (no news),11:04,6.52,10.51,8.61,92.47,6.21,35,15.03,7.28000020980835,11.66,-11.66,-11.66
2026-09-29,EEIQ,4 pillars (no news),11:20,5.36,17.03,0.91,1682.83,5.09,60,4.48,5.599999904632568,4.48,-4.48,-4.48
2026-09-29,WFCF,4 pillars (no news),11:46,12.8,10.54,1.66,1129.37,55.84,70,9.37,10.630000114440918,-16.95,16.95,16.95
2026-09-29,YHGJ,4 pillars (no news),12:33,2.86,17.21,0.67,,9.22,60,0.35,2.630000114440918,-8.04,8.04,8.04
2026-09-29,PLUT,4 pillars (no news),15:00,2.45,16.11,5.03,,31.68,45,14.29,2.5,2.04,-2.04,-2.04
2026-09-29,BKYI,5 pillars,04:00,2.62,55.95,1.34,0.5,,70,77.86,3.1301000118255615,19.47,-20.0,-19.47
2026-09-29,MSGY,5 pillars,06:04,3.4921,11.57,0.81,16.98,,60,48.91,4.440000057220459,27.14,-20.0,-27.14
2026-09-29,XRPN,5 pillars,07:26,11.867,12.22,19.14,0.22,,50,43.25,12.899999618530272,8.7,-20.0,-8.7
2026-09-29,SSTI,5 pillars,07:35,8.07,47.53,7.05,0.0,,53,8.43,8.21500015258789,1.8,-1.8,-1.8
2026-09-29,YMT,5 pillars,07:39,2.0313,14.76,0.06,0.01,,85,29.97,1.7999999523162842,-11.39,-20.0,11.39
2026-09-29,WW,5 pillars,08:34,16.64,10.71,6.92,0.57,,60,13.61,17.184999465942383,3.28,-3.28,-3.28
2026-09-29,QMLS,5 pillars,09:08,8.13,13.55,18.4,0.0,,50,6.4,6.539999961853027,-19.56,19.56,19.56
2026-09-29,HTLM,5 pillars,09:59,2.09,19.43,4.67,2.31,53.55,80,7.65,1.939900040626526,-7.18,7.18,7.18
2026-09-29,FTCI,5 pillars,10:04,2.655,11.55,11.42,0.02,7.01,55,1.69,2.138700008392334,-19.45,19.45,19.45
2026-09-29,DXST,5 pillars,10:06,3.95,102.56,1.0,0.6,9.55,75,44.3,3.0350000858306885,-23.16,-20.0,23.16
2026-09-29,ATCX,5 pillars,11:03,3.35,14.33,5.08,3.55,6.38,55,4.03,3.0,-10.45,10.45,10.45
2026-09-29,NXL,5 pillars,13:12,5.3099,24.35,0.55,4.2,5.67,70,0.0,4.420000076293945,-16.76,16.76,16.76
2026-09-30,BIYA,4 pillars (no news),04:00,2.46,20.0,3.0,1553.49,,45,28.86,1.9900000095367432,-19.11,-20.0,19.11
2026-09-30,NSRX,4 pillars (no news),04:00,3.95,10.64,5.46,20.0,,35,1.27,3.690000057220459,-6.58,6.58,6.58
2026-09-30,XRPN,4 pillars (no news),04:00,14.28,10.7,19.14,20.49,,25,18.98,16.392200469970703,14.79,-14.79,-14.79
2026-09-30,MSGY,4 pillars (no news),04:02,4.89,10.14,0.81,38.95,,55,42.24,5.650000095367432,15.54,-20.0,-15.54
2026-09-30,CHGA,4 pillars (no news),04:28,2.19,11.73,0.97,139.47,,55,65.29,2.4000000953674316,9.59,-20.0,-9.59
2026-09-30,LGHL,4 pillars (no news),05:37,5.1984,15.26,0.02,541.45,,55,88.33,4.949999809265137,-4.78,-20.0,4.78
2026-09-30,SOTK,4 pillars (no news),07:00,5.56,11.65,7.72,0.0,,60,14.75,5.929999828338623,6.65,-6.65,-6.65
2026-09-30,ANTA,4 pillars (no news),07:18,3.17,38.43,3.81,982.8,,38,9.46,2.559999942779541,-19.24,19.24,19.24
2026-09-30,VBIO,4 pillars (no news),07:47,3.3293,17.64,0.88,0.03,,85,31.86,2.7899999618530273,-16.2,-20.0,16.2
2026-09-30,ONMD,4 pillars (no news),08:55,6.24,19.79,1.89,0.0,,85,10.42,5.78000020980835,-7.37,7.37,7.37
2026-09-30,OPTX,4 pillars (no news),09:32,8.1799,10.39,10.27,209.66,8.48,25,5.14,8.3100004196167,1.59,-1.59,-1.59
2026-09-30,CMCT,4 pillars (no news),09:57,2.36,22.92,2.82,25.95,16.08,55,66.94,2.920099973678589,23.73,-20.0,-23.73
2026-09-30,CVM,4 pillars (no news),10:30,2.04,13.97,16.92,361.88,5.77,25,2.45,2.042099952697754,0.1,-0.1,-0.1
2026-09-30,BETR,4 pillars (no news),10:42,12.16,18.87,8.46,0.78,5.07,65,2.01,11.020000457763672,-9.37,9.37,9.37
2026-09-30,CUPR,4 pillars (no news),10:52,2.33,15.92,2.01,18.87,5.08,55,19.74,2.2100000381469727,-5.15,5.15,5.15
2026-09-30,TNON,4 pillars (no news),11:06,4.6265,69.47,0.62,0.59,5.03,75,8.94,4.079899787902832,-11.81,11.81,11.81
2026-09-30,HBNB,4 pillars (no news),11:12,5.15,10.75,11.55,291.48,56.52,35,2.52,5.010000228881836,-2.72,2.72,2.72
2026-09-30,ATHR,4 pillars (no news),11:31,4.0,11.11,4.09,1145.43,7.01,50,0.0,3.75,-6.25,6.25,6.25
2026-09-30,PLUT,4 pillars (no news),12:53,2.89,15.6,5.03,,14.64,40,0.0,2.1500000953674316,-25.61,25.61,25.61
2026-09-30,NSRX,5 pillars,04:00,3.95,10.64,5.46,20.0,,35,1.27,3.690000057220459,-6.58,6.58,6.58
2026-09-30,XRPN,5 pillars,04:00,14.28,10.7,19.14,20.49,,25,18.98,16.392200469970703,14.79,-14.79,-14.79
2026-09-30,SOTK,5 pillars,07:00,5.56,11.65,7.72,0.0,,60,14.75,5.929999828338623,6.65,-6.65,-6.65
2026-09-30,VBIO,5 pillars,07:47,3.3293,17.64,0.88,0.03,,85,31.86,2.7899999618530273,-16.2,-20.0,16.2
2026-09-30,ONMD,5 pillars,08:55,6.24,19.79,1.89,0.0,,85,10.42,5.78000020980835,-7.37,7.37,7.37
2026-09-30,BETR,5 pillars,10:42,12.16,18.87,8.46,0.78,5.07,65,2.01,11.020000457763672,-9.37,9.37,9.37
2026-09-30,CUPR,5 pillars,10:52,2.33,15.92,2.01,18.87,5.08,55,19.74,2.2100000381469727,-5.15,5.15,5.15
2026-09-30,TNON,5 pillars,11:06,4.6265,69.47,0.62,0.59,5.03,75,8.94,4.079899787902832,-11.81,11.81,11.81
2026-09-30,LGHL,5 pillars,16:00,5.1112,13.33,0.02,0.84,65.66,100,,,,,
2026-10-01,LPA,4 pillars (no news),04:03,3.17,10.84,3.05,11.28,,55,7.57,2.690000057220459,-15.14,15.14,15.14
2026-10-01,INSG,4 pillars (no news),04:04,4.15,13.39,12.16,0.82,,50,9.79,4.380000114440918,5.54,-5.54,-5.54
2026-10-01,MEDS,4 pillars (no news),04:08,3.59,13.25,1.27,62.52,,55,51.53,4.039999961853027,12.53,-20.0,-12.53
2026-10-01,BLIV,4 pillars (no news),04:33,2.89,19.92,10.86,,,20,3.11,2.25,-22.15,22.15,22.15
2026-10-01,VEEA,4 pillars (no news),08:00,2.6,19.82,1.58,0.0,,85,56.92,3.4800000190734863,33.85,-20.0,-33.85
2026-10-01,DMRC,4 pillars (no news),08:12,6.5,11.68,16.41,18.97,,25,7.23,6.760000228881836,4.0,-4.0,-4.0
2026-10-01,EZRA,4 pillars (no news),08:18,2.63,15.35,0.7,0.0,,85,6.84,2.369999885559082,-9.89,9.89,9.89
2026-10-01,NXL,4 pillars (no news),08:30,5.12,19.63,0.55,0.0,,85,114.35,7.529900074005127,47.07,-20.0,-47.07
2026-10-01,RPGL,4 pillars (no news),08:41,19.1,16.53,0.02,188.26,,55,38.06,25.950000762939453,35.86,-20.0,-35.86
2026-10-01,XRPN,4 pillars (no news),10:28,18.935,15.46,19.14,1.83,5.14,45,26.7,23.450000762939453,23.84,-20.0,-23.84
2026-10-01,CNSY,4 pillars (no news),10:54,2.09,11.76,7.5,27.4,8.76,35,9.08,1.76010000705719,-15.78,15.78,15.78
2026-10-01,LONA,4 pillars (no news),11:22,4.41,23.53,4.73,676.37,5.28,50,21.09,4.375,-0.79,-20.0,0.79
2026-10-01,PLUT,4 pillars (no news),11:38,2.775,19.1,5.03,,8.17,35,0.0,2.450000047683716,-11.71,11.71,11.71
2026-10-01,WFCF,4 pillars (no news),11:43,14.51,31.31,1.66,1177.32,8.1,53,29.5,12.510000228881836,-13.78,-20.0,13.78
2026-10-01,BGM,4 pillars (no news),13:20,8.93,18.12,4.59,744.6,10.38,55,20.94,7.820000171661377,-12.43,-20.0,12.43
2026-10-01,BIRD,4 pillars (no news),13:26,3.1499,20.69,7.5,145.62,5.04,35,14.29,3.484999895095825,10.64,-10.64,-10.64
2026-10-01,CVM,4 pillars (no news),13:42,2.2922,11.27,16.92,389.08,7.94,25,0.34,2.0799999237060547,-9.26,9.26,9.26
2026-10-01,OM,4 pillars (no news),15:37,3.55,18.33,14.53,672.25,5.03,25,9.57,3.759999990463257,5.92,-5.92,-5.92
2026-10-01,SSM,4 pillars (no news),15:45,2.0,78.57,0.63,722.21,10.9,50,29.0,2.200000047683716,10.0,-20.0,-10.0
2026-10-01,LPA,5 pillars,04:03,3.17,10.84,3.05,11.28,,55,7.57,2.690000057220459,-15.14,15.14,15.14
2026-10-01,INSG,5 pillars,04:04,4.15,13.39,12.16,0.82,,50,9.79,4.380000114440918,5.54,-5.54,-5.54
2026-10-01,MEDS,5 pillars,06:00,3.49,10.09,1.27,0.0,,85,55.87,4.039999961853027,15.76,-20.0,-15.76
2026-10-01,VEEA,5 pillars,08:00,2.6,19.82,1.58,0.0,,85,56.92,3.4800000190734863,33.85,-20.0,-33.85
2026-10-01,DMRC,5 pillars,08:12,6.5,11.68,16.41,18.97,,25,7.23,6.760000228881836,4.0,-4.0,-4.0
2026-10-01,EZRA,5 pillars,08:18,2.63,15.35,0.7,0.0,,85,6.84,2.369999885559082,-9.89,9.89,9.89
2026-10-01,NXL,5 pillars,08:30,5.12,19.63,0.55,0.0,,85,114.35,7.529900074005127,47.07,-20.0,-47.07
2026-10-01,XRPN,5 pillars,10:28,18.935,15.46,19.14,1.83,5.14,45,26.7,23.450000762939453,23.84,-20.0,-23.84
2026-10-02,AMOD,4 pillars (no news),04:00,2.0799,77.77,0.6,691.05,,40,129.34,3.484999895095825,67.56,-20.0,-67.56
2026-10-02,PLUT,4 pillars (no news),04:00,2.82,15.1,5.03,,,30,6.03,2.5000998973846436,-11.34,11.34,11.34
2026-10-02,SSM,4 pillars (no news),04:31,2.45,10.86,0.63,734.98,,55,26.12,2.6201000213623047,6.94,-20.0,-6.94
2026-10-02,LUD,4 pillars (no news),07:24,3.95,13.18,2.69,574.4,,45,7.85,3.819999933242798,-3.29,3.29,3.29
2026-10-02,CYCU,4 pillars (no news),08:44,3.08,14.5,3.0,0.23,,75,60.71,3.809999942779541,23.7,-20.0,-23.7
2026-10-02,AIXI,4 pillars (no news),09:36,2.0498,68.71,0.56,696.35,64.8,55,10.25,1.7999999523162842,-12.19,12.19,12.19
2026-10-02,BGM,4 pillars (no news),10:10,8.64,10.49,4.59,765.43,6.97,50,14.7,9.34000015258789,8.1,-8.1,-8.1
2026-10-02,CABO,4 pillars (no news),10:20,12.1809,17.58,4.47,161.87,7.02,50,9.8,12.170000076293944,-0.09,0.09,0.09
2026-10-02,BIRD,4 pillars (no news),10:34,3.84,10.03,7.5,166.75,5.0,35,1.3,3.3499999046325684,-12.76,12.76,12.76
2026-10-02,CTNT,4 pillars (no news),12:17,3.2263,31.69,0.01,388.71,5.22,53,6.62,2.619999885559082,-18.79,18.79,18.79
2026-10-02,ICU,4 pillars (no news),12:30,4.245,13.2,4.36,2.78,5.19,70,13.07,4.749899864196777,11.89,-11.89,-11.89
2026-10-02,PFAI,4 pillars (no news),13:56,2.84,18.33,3.57,894.43,5.89,50,5.63,2.630000114440918,-7.39,7.39,7.39
2026-10-02,CVM,4 pillars (no news),15:57,2.31,10.53,16.92,415.33,5.39,25,0.0,2.2899999618530273,-0.87,0.87,0.87
2026-10-02,CYCU,5 pillars,08:44,3.08,14.5,3.0,0.23,,75,60.71,3.809999942779541,23.7,-20.0,-23.7
2026-10-02,CABO,5 pillars,11:10,12.11,16.89,4.47,0.0,5.96,80,10.45,12.170000076293944,0.5,-0.5,-0.5
2026-10-02,ICU,5 pillars,12:30,4.245,13.2,4.36,2.78,5.19,70,13.07,4.749899864196777,11.89,-11.89,-11.89
2026-10-05,GNLN,4 pillars (no news),04:00,3.04,14.29,0.66,1235.56,,55,19.41,3.5799999237060547,17.76,-17.76,-17.76
2026-10-05,JAGX,4 pillars (no news),04:00,4.7209,28.99,0.29,55.42,,48,26.88,4.711299896240234,-0.2,-20.0,0.2
2026-10-05,SAIQ,4 pillars (no news),04:00,4.9516,167.65,16.82,59.92,,5,270.99,6.710100173950195,35.51,-20.0,-35.51
2026-10-05,VEEA,4 pillars (no news),04:00,4.15,24.62,1.58,89.79,,55,63.37,5.699999809265137,37.35,-20.0,-37.35
2026-10-05,VRAX,4 pillars (no news),04:06,2.44,10.91,0.53,1098.1,,55,36.89,2.45989990234375,0.82,-20.0,-0.82
2026-10-05,RETO,4 pillars (no news),04:07,2.0092,29.63,0.16,113.61,,48,22.93,1.934999942779541,-3.69,-20.0,3.69
2026-10-05,ONEN,4 pillars (no news),04:24,2.1026,12.44,2.65,276.38,,45,14.14,2.109999895095825,0.35,-0.35,-0.35
2026-10-05,AIFA,4 pillars (no news),04:47,4.9997,11.85,3.88,11.23,,55,24.01,5.870100021362305,17.41,-20.0,-17.41
2026-10-05,APUS,4 pillars (no news),06:32,3.58,11.18,1.51,256.75,,55,95.25,4.550000190734863,27.09,-20.0,-27.09
2026-10-05,GRNQ,4 pillars (no news),07:40,9.5,12.03,1.07,1176.23,,55,5.0,8.75,-7.89,7.89,7.89
2026-10-05,INTT,4 pillars (no news),08:01,13.85,12.6,11.77,1.02,,40,11.62,15.039999961853027,8.59,-8.59,-8.59
2026-10-05,MI,4 pillars (no news),08:12,3.87,332.89,0.18,1078.95,,40,169.25,6.880000114440918,77.78,-20.0,-77.78
2026-10-05,APT,4 pillars (no news),08:13,5.67,11.39,7.98,396.11,,30,6.53,5.800000190734863,2.29,-2.29,-2.29
2026-10-05,EZRA,4 pillars (no news),08:20,2.4923,13.29,0.7,0.0,,85,8.33,2.390000104904175,-4.1,4.1,4.1
2026-10-05,AMOD,4 pillars (no news),09:00,3.8503,10.32,0.6,768.05,,55,35.57,3.759999990463257,-2.35,-20.0,2.35
2026-10-05,SMXT,4 pillars (no news),09:14,2.5,15.74,3.27,1072.23,,45,7.76,2.4000000953674316,-4.0,4.0,4.0
2026-10-05,BCYC,4 pillars (no news),09:35,3.7598,11.24,7.76,1610.58,10.25,40,7.42,4.010000228881836,6.65,-6.65,-6.65
2026-10-05,CVM,4 pillars (no news),09:35,2.6,12.55,16.92,480.97,10.65,30,5.77,2.380000114440918,-8.46,8.46,8.46
2026-10-05,SOTK,4 pillars (no news),09:37,6.85,10.48,7.72,99.55,11.82,40,2.34,6.75,-1.46,1.46,1.46
2026-10-05,PLUT,4 pillars (no news),10:21,2.99,12.83,5.03,,12.33,40,0.0,2.7174999713897705,-9.11,9.11,9.11
2026-10-05,BEEP,4 pillars (no news),11:01,2.83,10.12,11.2,1129.0,7.55,25,7.42,2.869999885559082,1.41,-1.41,-1.41
2026-10-05,WORX,4 pillars (no news),13:09,5.39,29.88,0.08,0.03,7.95,83,7.61,5.550000190734863,2.97,-2.97,-2.97
2026-10-05,LAKE,4 pillars (no news),15:17,12.0001,16.85,8.57,,5.09,35,1.83,11.800000190734863,-1.67,1.67,1.67
2026-10-05,AIFA,5 pillars,04:47,4.9997,11.85,3.88,11.23,,55,24.01,5.870100021362305,17.41,-20.0,-17.41
2026-10-05,INTT,5 pillars,08:01,13.85,12.6,11.77,1.02,,40,11.62,15.039999961853027,8.59,-8.59,-8.59
2026-10-05,EZRA,5 pillars,08:20,2.4923,13.29,0.7,0.0,,85,8.33,2.390000104904175,-4.1,4.1,4.1
2026-10-05,SAIQ,5 pillars,08:33,7.3479,297.18,16.82,0.01,,35,35.28,6.710100173950195,-8.68,-20.0,8.68
2026-10-05,APUS,5 pillars,10:09,4.588,42.48,1.51,0.01,29.59,93,27.07,4.550000190734863,-0.83,-20.0,0.83
2026-10-05,VEEA,5 pillars,10:32,5.02,50.75,1.58,0.0,15.49,80,35.06,5.699999809265137,13.55,-20.0,-13.55
2026-10-05,WORX,5 pillars,13:09,5.39,29.88,0.08,0.03,7.95,83,7.61,5.550000190734863,2.97,-2.97,-2.97
2026-10-06,APUS,4 pillars (no news),04:00,5.28,15.03,1.51,17.86,,60,58.9,7.079999923706055,34.09,-20.0,-34.09
2026-10-06,JAGX,4 pillars (no news),04:00,6.1688,30.42,0.29,79.42,,48,17.85,5.590000152587891,-9.38,9.38,9.38
2026-10-06,AIXI,4 pillars (no news),04:15,2.2097,46.34,0.56,787.0,,48,102.29,1.830999970436096,-17.14,-20.0,17.14
2026-10-06,AIFA,4 pillars (no news),04:25,6.47,10.03,3.88,34.87,,45,38.02,7.650000095367432,18.24,-20.0,-18.24
2026-10-06,LGHL,4 pillars (no news),04:30,4.88,27.08,0.02,133.34,,48,26.84,3.910000085830689,-19.88,-20.0,19.88
2026-10-06,SMXT,4 pillars (no news),05:05,2.71,14.35,3.27,1092.08,,45,36.16,3.390000104904175,25.09,-20.0,-25.09
2026-10-06,JUNS,4 pillars (no news),06:07,2.75,13.64,0.56,859.91,,55,15.64,2.859999895095825,4.0,-4.0,-4.0
2026-10-06,BESS,4 pillars (no news),06:09,2.2504,20.99,3.72,95.15,,45,3.98,2.190000057220459,-2.68,2.68,2.68
2026-10-06,IPDN,4 pillars (no news),07:25,3.5,12.9,0.36,1104.12,,55,102.86,4.585000038146973,31.0,-20.0,-31.0
2026-10-06,OFS,4 pillars (no news),08:45,3.9783,11.75,13.4,0.75,,50,8.09,4.159999847412109,4.57,-4.57,-4.57
2026-10-06,VIVK,4 pillars (no news),09:00,5.35,10.54,0.54,0.0,,85,21.61,4.724999904632568,-11.68,-20.0,11.68
2026-10-06,INLX,4 pillars (no news),10:16,5.99,19.8,2.96,1142.53,5.97,50,0.0,4.849999904632568,-19.03,19.03,19.03
2026-10-06,KAPA,4 pillars (no news),11:29,2.01,29.68,2.25,3.98,104.1,73,7.46,1.125,-44.03,44.03,44.03
2026-10-06,YHGJ,4 pillars (no news),12:34,3.16,17.04,0.67,,6.52,60,3.1,2.744999885559082,-13.13,13.13,13.13
2026-10-06,MOGU,4 pillars (no news),12:52,2.23,14.36,2.61,152.48,22.3,60,6.73,1.8600000143051147,-16.59,16.59,16.59
2026-10-06,CVM,4 pillars (no news),13:01,2.7516,13.7,16.92,508.4,6.15,25,2.85,2.7218000888824463,-1.08,1.08,1.08
2026-10-06,WORX,4 pillars (no news),13:05,6.31,14.31,0.08,23.97,5.3,65,18.54,7.25,14.9,-14.9,-14.9
2026-10-06,APUS,5 pillars,04:00,5.28,15.03,1.51,17.86,,60,58.9,7.079999923706055,34.09,-20.0,-34.09
2026-10-06,BESS,5 pillars,07:20,2.07,11.29,3.72,0.83,,75,13.04,2.190000057220459,5.8,-5.8,-5.8
2026-10-06,OFS,5 pillars,08:45,3.9783,11.75,13.4,0.75,,50,8.09,4.159999847412109,4.57,-4.57,-4.57
2026-10-06,JAGX,5 pillars,09:00,6.4959,37.33,0.29,0.0,,78,11.92,5.590000152587891,-13.95,13.95,13.95
2026-10-06,VIVK,5 pillars,09:00,5.35,10.54,0.54,0.0,,85,21.61,4.724999904632568,-11.68,-20.0,11.68
2026-10-06,KAPA,5 pillars,11:29,2.01,29.68,2.25,3.98,104.1,73,7.46,1.125,-44.03,44.03,44.03
2026-10-06,JUNS,5 pillars,12:00,2.755,13.84,0.56,0.08,5.26,90,15.43,2.859999895095825,3.81,-3.81,-3.81
2026-10-06,WORX,5 pillars,13:05,6.31,14.31,0.08,23.97,5.3,65,18.54,7.25,14.9,-14.9,-14.9
2026-10-07,BIYA,4 pillars (no news),04:00,2.05,50.18,3.0,1721.49,,30,1556.59,2.2850000858306885,11.46,-20.0,-11.46
2026-10-07,BYAH,4 pillars (no news),04:00,4.27,76.08,0.54,,,40,14.52,2.400099992752075,-43.79,43.79,43.79
2026-10-07,SXTC,4 pillars (no news),04:56,2.0,60.0,0.4,1506.43,,40,379.5,2.8299999237060547,41.5,-20.0,-41.5
2026-10-07,LPCN,4 pillars (no news),06:27,2.38,13.33,6.51,330.45,,30,67.65,2.190000057220459,-7.98,-20.0,7.98
2026-10-07,APUS,4 pillars (no news),07:04,7.86,10.24,1.51,44.93,,55,25.19,6.96999979019165,-11.32,-20.0,11.32
2026-10-07,JFU,4 pillars (no news),07:43,2.7423,14.26,4.62,,,45,12.31,2.7251999378204346,-0.62,0.62,0.62
2026-10-07,SPAI,4 pillars (no news),08:04,4.5598,11.21,11.79,0.03,,50,11.63,4.701099872589111,3.1,-3.1,-3.1
2026-10-07,ICU,4 pillars (no news),08:16,3.52,10.34,4.36,0.0,,75,7.39,3.745699882507324,6.41,-6.41,-6.41
2026-10-07,LGCL,4 pillars (no news),09:00,3.66,61.95,0.33,0.0,,70,23.77,2.8399999141693115,-22.4,-20.0,22.4
2026-10-07,SMXT,4 pillars (no news),09:32,3.8105,11.42,3.27,1120.53,8.88,50,24.66,4.350100040435791,14.16,-20.0,-14.16
2026-10-07,FEDU,4 pillars (no news),09:44,12.08,16.15,0.5,,17.84,65,9.19,10.100000381469728,-16.39,16.39,16.39
2026-10-07,PFAI,4 pillars (no news),10:26,2.65,13.25,3.57,1010.93,20.76,60,164.91,5.050000190734863,90.57,-20.0,-90.57
2026-10-07,SKK,4 pillars (no news),10:28,5.76,26.59,1.35,1172.01,28.94,63,12.85,4.900100231170654,-14.93,14.93,14.93
2026-10-07,DKI,4 pillars (no news),10:36,2.2899,68.38,0.37,167.92,7.99,45,58.96,1.7100000381469729,-25.32,-20.0,25.32
2026-10-07,PLUT,4 pillars (no news),10:46,2.655,15.43,5.03,,6.01,35,10.73,2.0999999046325684,-20.9,20.9,20.9
2026-10-07,JVA,4 pillars (no news),11:26,4.43,11.03,4.57,1.37,5.08,70,7.38,4.659999847412109,5.19,-5.19,-5.19
2026-10-07,FFR,4 pillars (no news),12:27,2.0101,45.66,19.95,58.96,7.14,18,1.98,1.7892999649047852,-10.98,10.98,10.98
2026-10-07,CXAI,4 pillars (no news),12:49,2.145,15.32,2.22,820.82,5.16,50,2.48,1.8849999904632568,-12.12,12.12,12.12
2026-10-07,CNF,4 pillars (no news),14:21,2.19,15.26,4.88,958.27,6.16,50,1.83,1.8899999856948853,-13.7,13.7,13.7
2026-10-07,LBGJ,4 pillars (no news),14:32,2.39,25.79,2.9,352.53,5.14,43,4.18,2.250200033187866,-5.85,5.85,5.85
2026-10-07,ILAG,4 pillars (no news),14:43,3.28,13.1,0.99,,6.11,60,3.35,2.809999942779541,-14.33,14.33,14.33
2026-10-07,QETA,4 pillars (no news),14:56,15.53,31.72,0.91,,7.57,53,0.1,13.0,-16.29,16.29,16.29
2026-10-07,INLX,4 pillars (no news),15:15,5.75,18.56,2.96,1171.51,5.26,50,7.83,5.239999771118164,-8.87,8.87,8.87
2026-10-07,BIYA,5 pillars,07:09,2.4203,77.31,3.0,0.02,,60,1303.13,2.2850000858306885,-5.59,-20.0,5.59
2026-10-07,LPCN,5 pillars,07:09,3.16,50.48,6.51,0.02,,45,26.27,2.190000057220459,-30.7,-20.0,30.7
2026-10-07,SPAI,5 pillars,08:04,4.5598,11.21,11.79,0.03,,50,11.63,4.701099872589111,3.1,-3.1,-3.1
2026-10-07,ICU,5 pillars,08:16,3.52,10.34,4.36,0.0,,75,7.39,3.745699882507324,6.41,-6.41,-6.41
2026-10-07,LGCL,5 pillars,09:00,3.66,61.95,0.33,0.0,,70,23.77,2.8399999141693115,-22.4,-20.0,22.4
2026-10-07,SXTC,5 pillars,10:31,2.21,76.8,0.4,0.01,501.57,85,333.94,2.8299999237060547,28.05,-20.0,-28.05
2026-10-07,JVA,5 pillars,11:26,4.43,11.03,4.57,1.37,5.08,70,7.38,4.659999847412109,5.19,-5.19,-5.19
2026-10-08,AIXI,4 pillars (no news),04:01,2.2304,68.97,0.56,834.77,,40,19.71,1.950000047683716,-12.57,12.57,12.57
2026-10-08,FLYE,4 pillars (no news),07:23,2.015,58.66,1.56,830.38,,40,82.13,2.319999933242798,15.14,-20.0,-15.14
2026-10-08,BIAF,4 pillars (no news),08:05,6.89,11.85,0.53,0.08,,85,36.14,5.6493000984191895,-18.01,-20.0,18.01
2026-10-08,SHPH,4 pillars (no news),09:56,5.26,11.68,4.76,977.85,8.04,50,9.32,5.554999828338623,5.61,-5.61,-5.61
2026-10-08,INHD,4 pillars (no news),10:13,4.9,45.4,2.49,1587.15,18.67,48,40.2,3.809999942779541,-22.24,-20.0,22.24
2026-10-08,ARTW,4 pillars (no news),10:58,3.7,12.46,1.99,1412.97,9.39,60,0.54,3.650000095367432,-1.35,1.35,1.35
2026-10-08,SECZ,4 pillars (no news),10:58,12.555,10.13,8.15,0.05,7.3,65,1.95,12.65999984741211,0.84,-0.84,-0.84
2026-10-08,EXOZ,4 pillars (no news),11:11,6.14,10.83,7.17,720.85,5.28,35,3.26,5.329999923706055,-13.19,13.19,13.19
2026-10-08,BYRN,4 pillars (no news),11:25,4.46,10.12,18.01,3.25,10.08,50,6.05,4.71999979019165,5.83,-5.83,-5.83
2026-10-08,FEDU,4 pillars (no news),11:41,12.0,18.81,0.5,,22.87,70,0.0,10.40999984741211,-13.25,13.25,13.25
2026-10-08,ERNA,4 pillars (no news),11:44,2.7,12.97,1.22,50.82,6.49,60,0.0,2.484999895095825,-7.96,7.96,7.96
2026-10-08,NCT,4 pillars (no news),11:46,2.18,43.42,0.03,570.77,6.25,53,2.75,1.6299999952316284,-25.23,25.23,25.23
2026-10-08,GLE,4 pillars (no news),11:56,4.4815,12.04,0.78,50.93,6.24,60,0.19,4.260000228881836,-4.94,4.94,4.94
2026-10-08,CCEL,4 pillars (no news),12:14,4.65,18.93,4.06,2035.73,5.46,50,1.51,4.070000171661377,-12.47,12.47,12.47
2026-10-08,CIIT,4 pillars (no news),13:18,2.735,14.2,0.73,556.3,5.02,60,9.32,2.940000057220459,7.5,-7.5,-7.5
2026-10-08,CABO,4 pillars (no news),14:27,14.9987,13.54,4.47,67.2,5.05,50,8.74,15.28499984741211,1.91,-1.91,-1.91
2026-10-08,INLX,4 pillars (no news),15:21,5.8,10.69,2.96,1195.61,6.71,50,5.0,5.399899959564209,-6.9,6.9,6.9
2026-10-08,BIAF,5 pillars,08:05,6.89,11.85,0.53,0.08,,85,36.14,5.6493000984191895,-18.01,-20.0,18.01
2026-10-08,FLYE,5 pillars,10:31,2.2,73.23,1.56,0.01,158.46,85,20.0,2.319999933242798,5.45,-20.0,-5.45
2026-10-08,SECZ,5 pillars,10:58,12.555,10.13,8.15,0.05,7.3,65,1.95,12.65999984741211,0.84,-0.84,-0.84
2026-10-08,BYRN,5 pillars,11:25,4.46,10.12,18.01,3.25,10.08,50,6.05,4.71999979019165,5.83,-5.83,-5.83
2026-10-09,SAIQ,4 pillars (no news),04:00,6.9807,26.69,16.82,19.5,,18,0.83,4.639999866485596,-33.53,33.53,33.53
2026-10-09,VEEA,4 pillars (no news),04:00,5.03,29.97,1.58,10.14,,58,40.95,5.678800106048584,12.9,-20.0,-12.9
2026-10-09,VAI,4 pillars (no news),04:20,2.9386,13.68,14.44,,,20,0.73,2.690000057220459,-8.46,8.46,8.46
2026-10-09,XRTX,4 pillars (no news),04:51,2.0381,10.17,1.79,12.85,,60,12.85,1.4199999570846558,-30.33,30.33,30.33
2026-10-09,GGR,4 pillars (no news),07:35,3.3073,18.12,17.85,0.95,,50,0.99,3.1500000953674316,-4.76,4.76,4.76
2026-10-09,VIVK,4 pillars (no news),09:03,4.48,11.72,0.54,0.05,,85,85.27,3.7300000190734863,-16.74,-20.0,16.74
2026-10-09,MOGU,4 pillars (no news),09:33,2.07,10.99,2.61,221.17,80.49,60,18.05,2.130000114440918,2.9,-2.9,-2.9
2026-10-09,FEDU,4 pillars (no news),10:15,11.51,10.57,0.5,,10.89,65,17.29,11.187899589538574,-2.8,2.8,2.8
2026-10-09,NTRP,4 pillars (no news),10:22,2.1078,10.36,7.71,26.35,5.06,35,5.32,2.065000057220459,-2.03,2.03,2.03
2026-10-09,TRIB,4 pillars (no news),10:27,6.855,13.49,0.56,71.25,5.71,60,5.47,6.550000190734863,-4.45,4.45,4.45
2026-10-09,PLUT,4 pillars (no news),10:53,2.5499,16.43,5.03,,10.2,40,23.51,2.0701000690460205,-18.82,-20.0,18.82
2026-10-09,QETA,4 pillars (no news),11:08,18.7,61.21,0.91,,40.81,55,15.45,13.0,-30.48,30.48,30.48
2026-10-09,ATOS,4 pillars (no news),14:46,2.68,10.74,9.94,6.77,5.03,45,2.24,2.4133999347686768,-9.95,9.95,9.95
2026-10-09,ZYBT,4 pillars (no news),15:05,2.2501,95.66,6.26,1543.08,209.81,30,28.44,1.7300000190734863,-23.11,-20.0,23.11
2026-10-09,WTF,4 pillars (no news),15:10,2.6,10.64,6.35,2101.32,6.92,35,7.31,2.634999990463257,1.35,-1.35,-1.35
2026-10-09,SAIQ,5 pillars,04:00,6.9807,26.69,16.82,19.5,,18,0.83,4.639999866485596,-33.53,33.53,33.53
2026-10-09,VEEA,5 pillars,04:00,5.03,29.97,1.58,10.14,,58,40.95,5.678800106048584,12.9,-20.0,-12.9
2026-10-09,XRTX,5 pillars,04:51,2.0381,10.17,1.79,12.85,,60,12.85,1.4199999570846558,-30.33,30.33,30.33
2026-10-09,GGR,5 pillars,07:35,3.3073,18.12,17.85,0.95,,50,0.99,3.1500000953674316,-4.76,4.76,4.76
2026-10-09,VIVK,5 pillars,09:03,4.48,11.72,0.54,0.05,,85,85.27,3.7300000190734863,-16.74,-20.0,16.74
2026-10-09,TRIB,5 pillars,11:34,6.695,10.84,0.56,0.32,5.84,90,7.69,6.550000190734863,-2.17,2.17,2.17
2026-10-09,ATOS,5 pillars,14:46,2.68,10.74,9.94,6.77,5.03,45,2.24,2.4133999347686768,-9.95,9.95,9.95
