ticker,sector,price,dcf_value,relative_value,fair_value,margin_of_safety,undervalued,valuation_signals_agree,valuation_gap_pct,revenue_not_declining,profitable,fcf_positive,debt_reasonable,analyst_consensus_agrees,quality_checks_passed,quality_checks_applicable,high_confidence_pick,market_cap,last_updated
IBM,Technology,221.58,322.55,321.59,322.17,0.3122,True,True,0.3,True,True,True,True,True,5,5,True,208758145024,2026-10-06T02:26:47.143659+00:00
EPAM,Technology,109.95,261.14,261.95,261.46,0.5795,True,True,0.31,True,True,True,True,True,5,5,True,5671988224,2026-10-06T02:26:47.143659+00:00
YETI,Consumer Cyclical,40.52,41.25,41.58,41.38,0.0208,False,True,0.79,True,True,True,True,True,5,5,True,2957506304,2026-10-06T02:26:47.143659+00:00
QCOM,Technology,180.79,247.3,249.43,248.16,0.2715,True,True,0.86,True,True,True,True,True,5,5,True,193094647808,2026-10-06T02:26:47.143659+00:00
TTEK,Industrials,33.33,36.89,38.53,37.55,0.1123,False,True,4.36,True,True,True,True,True,5,5,True,8533961216,2026-10-06T02:26:47.143659+00:00
SGHC,Consumer Cyclical,11.47,12.71,13.32,12.96,0.1147,False,True,4.67,True,True,True,True,True,5,5,True,5827640832,2026-10-06T02:26:47.143659+00:00
OSK,Industrials,132.67,241.35,227.54,235.83,0.4374,True,True,5.89,True,True,True,True,True,5,5,True,8272147968,2026-10-06T02:26:47.143659+00:00
SITE,Industrials,87.66,91.86,97.67,94.18,0.0692,False,True,6.13,True,True,True,True,True,5,5,True,3884059392,2026-10-06T02:26:47.143659+00:00
OVV,Energy,60.95,96.83,90.11,94.14,0.3526,True,True,7.19,,True,True,True,True,4,4,True,16858770432,2026-10-06T02:26:47.143659+00:00
CPRT,Industrials,27.65,34.38,37.25,35.53,0.2217,True,True,8.03,True,True,True,True,True,5,5,True,25613035520,2026-10-06T02:26:47.143659+00:00
DCI,Industrials,89.19,97.15,89.62,94.14,0.0525,False,True,8.06,True,True,True,True,True,5,5,True,10338024448,2026-10-06T02:26:47.143659+00:00
XYL,Industrials,102.42,121.59,111.29,117.47,0.1281,False,True,8.84,True,True,True,True,True,5,5,True,23913719808,2026-10-06T02:26:47.143659+00:00
UBER,Technology,69.48,124.32,112.89,119.75,0.4198,True,True,9.63,True,True,True,True,True,5,5,True,141917077504,2026-10-06T02:26:47.143659+00:00
FIZZ,Consumer Defensive,29.84,29.96,33.16,31.24,0.0448,False,True,10.16,True,True,True,True,,4,4,True,2793385216,2026-10-06T02:26:47.143659+00:00
FOX,Communication Services,56.7,133.92,120.3,128.47,0.5587,True,True,10.71,True,True,True,True,,4,4,True,23908894720,2026-10-06T02:26:47.143659+00:00
GRBK,Consumer Cyclical,65.47,95.34,107.32,100.14,0.3462,True,True,11.82,True,True,True,True,,4,4,True,2815910400,2026-10-06T02:26:47.143659+00:00
FOXA,Communication Services,63.33,143.74,127.68,137.32,0.5388,True,True,11.83,True,True,True,True,True,5,5,True,26704592896,2026-10-06T02:26:47.143659+00:00
PAYX,Technology,99.78,181.31,159.0,172.38,0.4212,True,True,13.11,True,True,True,True,True,5,5,True,35519733760,2026-10-06T02:26:47.143659+00:00
PEGA,Technology,34.53,50.75,44.43,48.22,0.2839,True,True,13.28,True,True,True,True,True,5,5,True,5676902400,2026-10-06T02:26:47.143659+00:00
ZM,Technology,93.62,223.1,257.23,236.75,0.6046,True,True,14.21,True,True,True,True,True,5,5,True,27316791296,2026-10-06T02:26:47.143659+00:00
AYI,Industrials,304.84,457.64,396.43,433.15,0.2962,True,True,14.33,True,True,True,True,True,5,5,True,9125552128,2026-10-06T02:26:47.143659+00:00
BR,Technology,159.08,341.29,295.33,322.91,0.5073,True,True,14.44,True,True,True,True,True,5,5,True,17960136704,2026-10-06T02:26:47.143659+00:00
RAMP,Technology,37.71,74.37,64.27,70.33,0.4638,True,True,14.56,True,True,True,True,True,5,5,True,2292578816,2026-10-06T02:26:47.143659+00:00
DOV,Industrials,191.3,237.45,203.91,224.04,0.1461,False,True,15.2,True,True,True,True,True,5,5,True,25764327424,2026-10-06T02:26:47.143659+00:00
TDY,Technology,619.64,757.15,646.37,712.84,0.1307,False,True,15.79,True,True,True,True,True,5,5,True,28707387392,2026-10-06T02:26:47.143659+00:00
FRSH,Technology,13.22,17.78,15.13,16.72,0.2095,True,True,16.09,True,True,True,True,True,5,5,True,3449372672,2026-10-06T02:26:47.143659+00:00
TILE,Consumer Cyclical,34.86,36.15,42.76,38.79,0.1014,False,True,16.76,True,True,True,True,True,5,5,True,2014924032,2026-10-06T02:26:47.143659+00:00
INGM,Technology,27.58,60.0,71.24,64.49,0.5724,True,True,17.13,True,True,True,True,True,5,5,True,6344417792,2026-10-06T02:26:47.143659+00:00
LEA,Consumer Cyclical,121.33,218.15,261.79,235.61,0.485,True,True,18.19,True,True,True,True,True,5,5,True,5984573952,2026-10-06T02:26:47.143659+00:00
ADP,Technology,260.26,276.23,334.0,299.34,0.1305,False,True,18.93,True,True,True,True,True,5,5,True,103128432640,2026-10-06T02:26:47.143659+00:00
PATH,Technology,13.16,14.2,17.18,15.39,0.145,False,True,18.94,True,True,True,True,True,5,5,True,6858405376,2026-10-06T02:26:47.143659+00:00
TTAM,Basic Materials,13.5,22.37,18.44,20.8,0.3509,True,True,19.23,True,True,True,True,True,5,5,True,2489040128,2026-10-06T02:26:47.143659+00:00
FDX,Industrials,289.13,652.81,532.62,604.74,0.5219,True,True,20.28,True,True,True,True,True,5,5,True,68428521472,2026-10-06T02:26:47.143659+00:00
DELL,Technology,552.29,579.81,736.49,642.48,0.1404,False,True,23.81,True,True,True,,True,4,4,True,351152996352,2026-10-06T02:26:47.143659+00:00
GHC,Industrials,1155.36,3859.44,3030.64,3527.92,0.6725,True,True,24.06,True,True,True,True,,4,4,True,4892866560,2026-10-06T02:26:47.143659+00:00
MSA,Industrials,183.13,250.7,195.63,228.67,0.1991,False,True,24.68,True,True,True,True,True,5,5,True,7064842240,2026-10-06T02:26:47.143659+00:00
SSRM,Basic Materials,33.91,44.39,57.39,49.59,0.3162,True,True,25.55,True,True,True,True,True,5,5,True,7036022272,2026-10-06T02:26:47.143659+00:00
ESTC,Technology,94.91,101.5,131.81,113.62,0.1647,False,True,25.99,True,True,True,True,True,5,5,True,9964723200,2026-10-06T02:26:47.143659+00:00
ACN,Technology,195.05,321.49,419.48,360.69,0.4592,True,True,26.45,True,True,True,True,True,5,5,True,119359307776,2026-10-06T02:26:47.143659+00:00
KFY,Industrials,71.71,95.9,125.24,107.64,0.3338,True,True,26.53,True,True,True,True,True,5,5,True,4012809216,2026-10-06T02:26:47.143659+00:00
FELE,Industrials,99.04,131.04,99.49,118.42,0.1636,False,True,27.37,True,True,True,True,True,5,5,True,4378703360,2026-10-06T02:26:47.143659+00:00
ADBE,Technology,238.78,409.65,539.91,461.75,0.4829,True,True,27.44,True,True,True,True,True,5,5,True,92935127040,2026-10-06T02:26:47.143659+00:00
BIRK,Consumer Cyclical,33.77,49.21,37.32,44.45,0.2403,True,True,27.47,True,True,True,True,True,5,5,True,5576312320,2026-10-06T02:26:47.143659+00:00
PPG,Basic Materials,105.27,162.4,122.15,146.3,0.2804,True,True,28.29,True,True,True,True,True,5,5,True,23401521152,2026-10-06T02:26:47.143659+00:00
ACIW,Technology,51.22,91.22,68.2,82.01,0.3755,True,True,28.89,True,True,True,True,True,5,5,True,5170927616,2026-10-06T02:26:47.143659+00:00
SSNC,Technology,79.08,163.51,121.74,146.8,0.4613,True,True,29.29,True,True,True,True,True,5,5,True,18556516352,2026-10-06T02:26:47.143659+00:00
ACM,Industrials,59.76,106.87,79.2,95.8,0.3762,True,True,29.75,True,True,True,True,True,5,5,True,7690897920,2026-10-06T02:26:47.143659+00:00
LULU,Consumer Cyclical,93.14,315.06,231.88,281.79,0.6695,True,True,30.42,True,True,True,True,True,5,5,True,10311531520,2026-10-06T02:26:47.143659+00:00
TOL,Consumer Cyclical,135.38,148.83,204.2,170.98,0.2082,True,True,31.37,True,True,True,True,True,5,5,True,12474861568,2026-10-06T02:26:47.143659+00:00
UHS,Healthcare,176.05,548.72,386.05,483.65,0.636,True,True,34.8,True,True,True,True,True,5,5,True,10375774208,2026-10-06T02:26:47.143659+00:00
EXLS,Technology,35.9,69.58,48.96,61.33,0.4147,True,True,34.8,True,True,True,True,True,5,5,True,5484907520,2026-10-06T02:26:47.143659+00:00
CBZ,Industrials,54.72,84.2,58.82,74.05,0.261,True,True,35.5,True,True,True,True,,4,4,True,3006343168,2026-10-06T02:26:47.143659+00:00
HON,Industrials,214.14,356.6,511.77,418.67,0.4885,True,True,35.74,True,True,True,True,True,5,5,True,67869532160,2026-10-06T02:26:47.143659+00:00
CRUS,Technology,121.35,356.41,245.68,312.12,0.6112,True,True,36.78,True,True,True,True,True,5,5,True,6081765888,2026-10-06T02:26:47.143659+00:00
AOS,Industrials,56.97,138.36,95.31,121.14,0.5297,True,True,36.84,True,True,True,True,True,5,5,True,7742711808,2026-10-06T02:26:47.143659+00:00
MBGL,Technology,17.59,35.87,24.45,31.3,0.438,True,True,37.86,True,True,True,True,True,5,5,True,5190407168,2026-10-06T02:26:47.143659+00:00
PHIN,Consumer Cyclical,60.18,64.47,95.08,76.71,0.2155,True,True,38.38,True,True,True,True,True,5,5,True,2204880128,2026-10-06T02:26:47.143659+00:00
EFX,Industrials,142.6,246.01,166.78,214.31,0.3346,True,True,38.39,True,True,True,True,True,5,5,True,16753346560,2026-10-06T02:26:47.143659+00:00
CTSH,Technology,58.17,104.15,154.82,124.42,0.5325,True,True,39.13,True,True,True,True,True,5,5,True,27514408960,2026-10-06T02:26:47.143659+00:00
OSIS,Technology,197.87,423.09,281.61,366.5,0.4601,True,True,40.15,True,True,True,True,True,5,5,True,3154437120,2026-10-06T02:26:47.143659+00:00
JKHY,Technology,145.12,320.85,211.2,276.99,0.4761,True,True,41.22,True,True,True,True,True,5,5,True,10174653440,2026-10-06T02:26:47.143659+00:00
ROP,Technology,363.38,1002.21,658.83,864.86,0.5798,True,True,41.35,True,True,True,True,True,5,5,True,35938598912,2026-10-06T02:26:47.143659+00:00
KEX,Industrials,139.85,272.0,178.17,234.47,0.4035,True,True,41.69,True,True,True,True,True,5,5,True,7384080384,2026-10-06T02:26:47.143659+00:00
CRM,Technology,229.79,481.16,312.56,413.72,0.4446,True,True,42.48,True,True,True,True,True,5,5,True,189117169664,2026-10-06T02:26:47.143659+00:00
ITRI,Technology,87.79,262.42,168.95,225.03,0.6099,True,True,43.33,True,True,True,True,True,5,5,True,3844038912,2026-10-06T02:26:47.143659+00:00
ENS,Industrials,193.02,367.93,236.74,315.46,0.3881,True,True,43.39,True,True,True,True,True,5,5,True,6961309696,2026-10-06T02:26:47.143659+00:00
PHM,Consumer Cyclical,113.98,260.56,166.42,222.9,0.4887,True,True,44.09,True,True,True,True,True,5,5,True,21711634432,2026-10-06T02:26:47.143659+00:00
INCY,Healthcare,114.13,216.0,137.27,184.51,0.3814,True,True,44.57,True,True,True,True,True,5,5,True,23133892608,2026-10-06T02:26:47.143659+00:00
MKC,Consumer Defensive,45.54,133.54,84.23,113.81,0.5999,True,True,45.29,True,True,True,True,True,5,5,True,12253196288,2026-10-06T02:26:47.143659+00:00
FLOC,Energy,18.49,56.7,35.67,48.29,0.6171,True,True,45.54,True,True,True,True,True,5,5,True,2011633024,2026-10-06T02:26:47.143659+00:00
PNR,Industrials,52.78,146.76,91.43,124.63,0.5765,True,True,46.46,True,True,True,True,True,5,5,True,8529540096,2026-10-06T02:26:47.143659+00:00
LOPE,Consumer Defensive,154.93,263.18,161.7,222.59,0.304,True,True,47.77,True,True,True,True,True,5,5,True,4038255872,2026-10-06T02:26:47.143659+00:00
ALLE,Industrials,153.67,291.86,177.06,245.94,0.3752,True,True,48.96,True,True,True,True,True,5,5,True,13067602944,2026-10-06T02:26:47.143659+00:00
AEO,Consumer Cyclical,18.11,18.89,31.29,23.85,0.2408,True,True,49.41,True,True,True,True,True,5,5,True,3034753024,2026-10-06T02:26:47.143659+00:00
ALRM,Technology,56.24,114.83,69.05,96.52,0.4173,True,True,49.8,True,True,True,True,True,5,5,True,2760834560,2026-10-06T02:26:47.143659+00:00
AU,Basic Materials,94.48,252.63,151.62,212.23,0.5548,True,True,49.97,True,True,True,True,True,5,5,True,47785078784,2026-10-06T02:26:47.143659+00:00
SNA,Industrials,367.4,775.73,457.43,648.41,0.4334,True,True,51.62,True,True,True,True,True,5,5,True,19004545024,2026-10-06T02:26:47.143659+00:00
TXT,Industrials,75.75,76.34,130.37,97.95,0.2266,True,True,52.27,True,True,True,True,True,5,5,True,13172089856,2026-10-06T02:26:47.143659+00:00
CNM,Industrials,41.82,105.64,61.14,87.84,0.5239,True,True,53.37,True,True,True,True,True,5,5,True,7713427456,2026-10-06T02:26:47.143659+00:00
AXTA,Basic Materials,32.68,60.16,34.6,49.93,0.3455,True,True,53.95,True,True,True,True,True,5,5,True,6994173440,2026-10-06T02:26:47.143659+00:00
BMI,Technology,124.89,243.25,136.21,200.43,0.3769,True,True,56.42,True,True,True,True,True,5,5,True,3620167424,2026-10-06T02:26:47.143659+00:00
DHI,Consumer Cyclical,133.23,303.0,168.3,249.12,0.4652,True,True,57.16,True,True,True,True,True,5,5,True,37264601088,2026-10-06T02:26:47.143659+00:00
SW,Consumer Cyclical,42.41,81.14,43.52,66.09,0.3583,True,True,60.36,True,True,True,True,True,5,5,True,22245017600,2026-10-06T02:26:47.143659+00:00
DECK,Consumer Cyclical,80.21,236.04,122.64,190.68,0.5794,True,True,63.23,True,True,True,True,True,5,5,True,10923146240,2026-10-06T02:26:47.143659+00:00
NEM,Basic Materials,115.82,331.93,167.15,266.02,0.5646,True,True,66.03,True,True,True,True,True,5,5,True,122038640640,2026-10-06T02:26:47.143659+00:00
PAYO,Technology,7.15,15.23,7.65,12.2,0.4138,True,True,66.26,True,True,True,True,True,5,5,True,2422783488,2026-10-06T02:26:47.143659+00:00
INTU,Technology,284.68,1037.03,512.98,827.41,0.6559,True,True,67.62,True,True,True,True,True,5,5,True,76076744704,2026-10-06T02:26:47.143659+00:00
YOU,Technology,41.25,110.18,53.56,87.53,0.5287,True,True,69.17,True,True,True,True,True,5,5,True,4245080832,2026-10-06T02:26:47.143659+00:00
ULS,Industrials,68.25,202.82,96.85,160.43,0.5746,True,True,70.72,True,True,True,True,True,5,5,True,13756683264,2026-10-06T02:26:47.143659+00:00
G,Technology,33.52,215.07,102.52,170.05,0.8029,True,True,70.88,True,True,True,True,True,5,5,True,5632513024,2026-10-06T02:26:47.143659+00:00
VC,Consumer Cyclical,89.27,297.7,135.48,232.81,0.6166,True,True,74.89,True,True,True,True,True,5,5,True,2382974976,2026-10-06T02:26:47.143659+00:00
GNTX,Consumer Cyclical,21.91,73.53,33.35,57.45,0.6187,True,True,75.19,True,True,True,True,True,5,5,True,4665774592,2026-10-06T02:26:47.143659+00:00
LAUR,Consumer Defensive,38.51,98.44,41.21,75.55,0.4903,True,True,81.97,True,True,True,True,True,5,5,True,5304727552,2026-10-06T02:26:47.143659+00:00
WFRD,Energy,82.32,213.55,88.52,163.54,0.4966,True,True,82.78,True,True,True,True,True,5,5,True,5886876160,2026-10-06T02:26:47.143659+00:00
MTCH,Communication Services,40.33,119.93,49.08,91.59,0.5597,True,True,83.85,True,True,True,,True,4,4,True,9257791488,2026-10-06T02:26:47.143659+00:00
PCTY,Technology,147.39,390.23,158.58,297.57,0.5047,True,True,84.42,True,True,True,True,True,5,5,True,7820065792,2026-10-06T02:26:47.143659+00:00
PAGS,Technology,10.95,1257.72,506.1,957.08,0.9886,True,True,85.23,True,True,True,True,True,5,5,True,3018323712,2026-10-06T02:26:47.143659+00:00
SFM,Consumer Defensive,64.92,228.5,91.91,173.86,0.6266,True,True,85.26,True,True,True,True,True,5,5,True,6053635584,2026-10-06T02:26:47.143659+00:00
PLNT,Consumer Cyclical,42.07,129.39,51.7,98.31,0.5721,True,True,85.8,True,True,True,,True,4,4,True,3190976768,2026-10-06T02:26:47.143659+00:00
AZZ,Industrials,139.15,427.8,163.57,322.11,0.568,True,True,89.36,True,True,True,True,True,5,5,True,4181666048,2026-10-06T02:26:47.143659+00:00
THC,Healthcare,259.47,1082.51,400.34,809.64,0.6795,True,True,92.01,True,True,True,True,True,5,5,True,20892264448,2026-10-06T02:26:47.143659+00:00
BWA,Consumer Cyclical,60.26,194.92,69.05,144.57,0.5832,True,True,95.37,True,True,True,True,True,5,5,True,12272933888,2026-10-06T02:26:47.143659+00:00
APTV,Consumer Cyclical,43.89,229.24,81.05,169.96,0.7418,True,True,95.52,True,True,True,True,True,5,5,True,9288025088,2026-10-06T02:26:47.143659+00:00
TNL,Consumer Cyclical,61.72,213.42,71.37,156.6,0.6059,True,True,99.76,True,True,True,,True,4,4,True,3782330368,2026-10-06T02:26:47.143659+00:00
DLO,Technology,14.52,77.48,25.77,56.8,0.7444,True,True,100.15,True,True,True,True,True,5,5,True,4272787712,2026-10-06T02:26:47.143659+00:00
PSN,Technology,42.11,171.27,56.14,125.22,0.6637,True,True,101.25,True,True,True,True,True,5,5,True,4497574912,2026-10-06T02:26:47.143659+00:00
DLB,Industrials,59.36,256.28,78.05,184.98,0.6791,True,True,106.62,True,True,True,True,True,5,5,True,5560179712,2026-10-06T02:26:47.143659+00:00
TTD,Communication Services,11.98,59.81,18.14,43.14,0.7223,True,True,106.93,True,True,True,True,True,5,5,True,5664084992,2026-10-06T02:26:47.143659+00:00
NWS,Communication Services,32.0,151.38,45.44,109.01,0.7064,True,True,107.66,True,True,True,True,,4,4,True,17256357888,2026-10-06T02:26:47.143659+00:00
RUSHA,Consumer Cyclical,47.16,180.18,51.16,128.57,0.6332,True,True,111.54,True,True,True,True,True,5,5,True,5505006592,2026-10-06T02:26:47.143659+00:00
HRMY,Healthcare,39.92,195.62,55.32,139.5,0.7138,True,True,111.82,True,True,True,True,True,5,5,True,2324796672,2026-10-06T02:26:47.143659+00:00
CVSA,Consumer Defensive,125.39,522.35,139.44,369.19,0.6604,True,True,115.72,True,True,True,True,True,5,5,True,4268127744,2026-10-06T02:26:47.143659+00:00
LYFT,Technology,15.73,32.3,131.01,71.78,0.7809,True,True,120.89,True,True,True,True,True,5,5,True,5954438144,2026-10-06T02:26:47.143659+00:00
RUSHB,Consumer Cyclical,56.3,641.31,133.13,438.04,0.8715,True,True,131.24,True,True,True,True,,4,4,True,6571922432,2026-10-06T02:26:47.143659+00:00
FWONA,Communication Services,87.49,1275.15,103.66,806.55,0.8915,True,True,169.93,True,True,True,True,True,5,5,True,21934483456,2026-10-06T02:26:47.143659+00:00
